<metadata xml:lang="zh"><Esri><CreaDate>20160621</CreaDate><CreaTime>14435700</CreaTime><ArcGISFormat>1.0</ArcGISFormat><SyncOnce>FALSE</SyncOnce><DataProperties><lineage><Process ToolSource="c:\program files\arcgis\desktop10.1\ArcToolbox\Toolboxes\Data Management Tools.tbx\CalculateField" Date="20160621" Time="144357">CalculateField blockgroup density "[Sum_POP10] *1000000 / [Shape_Area]" VB #</Process><Process ToolSource="c:\program files\arcgis\pro\Resources\ArcToolbox\toolboxes\Conversion Tools.tbx\ExportFeatures" Date="20221113" Time="144612">ExportFeatures blockgroup E:\CMS_GISV3\Case12\ZoneEffect.gdb\blockgroup # NOT_USE_ALIAS "OBJECTID "OBJECTID" true true false 10 Long 0 10,First,#,blockgroup,OBJECTID,-1,-1;STATEFP "STATEFP" true true false 2 Text 0 0,First,#,blockgroup,STATEFP,0,2;COUNTYFP "COUNTYFP" true true false 3 Text 0 0,First,#,blockgroup,COUNTYFP,0,3;TRACTCE "TRACTCE" true true false 6 Text 0 0,First,#,blockgroup,TRACTCE,0,6;BLKGRPCE "BLKGRPCE" true true false 1 Text 0 0,First,#,blockgroup,BLKGRPCE,0,1;AFFGEOID "AFFGEOID" true true false 21 Text 0 0,First,#,blockgroup,AFFGEOID,0,21;GEOID "GEOID" true true false 12 Text 0 0,First,#,blockgroup,GEOID,0,12;NAME "NAME" true true false 100 Text 0 0,First,#,blockgroup,NAME,0,100;LSAD "LSAD" true true false 2 Text 0 0,First,#,blockgroup,LSAD,0,2;ALAND "ALAND" true true false 19 Double 0 0,First,#,blockgroup,ALAND,-1,-1;AWATER "AWATER" true true false 19 Double 0 0,First,#,blockgroup,AWATER,-1,-1;Count_ "Count_" true true false 10 Long 0 10,First,#,blockgroup,Count_,-1,-1;Sum_HOUSIN "Sum_HOUSIN" true true false 10 Long 0 10,First,#,blockgroup,Sum_HOUSIN,-1,-1;Sum_POP10 "Sum_POP10" true true false 10 Long 0 10,First,#,blockgroup,Sum_POP10,-1,-1;Shape_Leng "Shape_Leng" true true false 19 Double 0 0,First,#,blockgroup,Shape_Leng,-1,-1;Shape_Area "Shape_Area" true true false 19 Double 0 0,First,#,blockgroup,Shape_Area,-1,-1;density "density" true true false 19 Double 0 0,First,#,blockgroup,density,-1,-1" #</Process><Process ToolSource="c:\program files\arcgis\pro\Resources\ArcToolbox\toolboxes\Conversion Tools.tbx\ExportFeatures" Date="20230313" Time="164354">ExportFeatures E:\CMS_GISV3\Data_Chapter\chp12\Chicago\ZoneEffect.gdb\blockgroup E:\KNIME\CMGISV3\Chp12\data\blockgroup.shp # NOT_USE_ALIAS "OBJECTID "OBJECTID" true true false 4 Long 0 0,First,#,E:\CMS_GISV3\Data_Chapter\chp12\Chicago\ZoneEffect.gdb\blockgroup,OBJECTID,-1,-1;STATEFP "STATEFP" true true false 2 Text 0 0,First,#,E:\CMS_GISV3\Data_Chapter\chp12\Chicago\ZoneEffect.gdb\blockgroup,STATEFP,0,2;COUNTYFP "COUNTYFP" true true false 3 Text 0 0,First,#,E:\CMS_GISV3\Data_Chapter\chp12\Chicago\ZoneEffect.gdb\blockgroup,COUNTYFP,0,3;TRACTCE "TRACTCE" true true false 6 Text 0 0,First,#,E:\CMS_GISV3\Data_Chapter\chp12\Chicago\ZoneEffect.gdb\blockgroup,TRACTCE,0,6;BLKGRPCE "BLKGRPCE" true true false 1 Text 0 0,First,#,E:\CMS_GISV3\Data_Chapter\chp12\Chicago\ZoneEffect.gdb\blockgroup,BLKGRPCE,0,1;AFFGEOID "AFFGEOID" true true false 21 Text 0 0,First,#,E:\CMS_GISV3\Data_Chapter\chp12\Chicago\ZoneEffect.gdb\blockgroup,AFFGEOID,0,21;GEOID "GEOID" true true false 12 Text 0 0,First,#,E:\CMS_GISV3\Data_Chapter\chp12\Chicago\ZoneEffect.gdb\blockgroup,GEOID,0,12;NAME "NAME" true true false 100 Text 0 0,First,#,E:\CMS_GISV3\Data_Chapter\chp12\Chicago\ZoneEffect.gdb\blockgroup,NAME,0,100;LSAD "LSAD" true true false 2 Text 0 0,First,#,E:\CMS_GISV3\Data_Chapter\chp12\Chicago\ZoneEffect.gdb\blockgroup,LSAD,0,2;ALAND "ALAND" true true false 8 Double 0 0,First,#,E:\CMS_GISV3\Data_Chapter\chp12\Chicago\ZoneEffect.gdb\blockgroup,ALAND,-1,-1;AWATER "AWATER" true true false 8 Double 0 0,First,#,E:\CMS_GISV3\Data_Chapter\chp12\Chicago\ZoneEffect.gdb\blockgroup,AWATER,-1,-1;Count_ "Count_" true true false 4 Long 0 0,First,#,E:\CMS_GISV3\Data_Chapter\chp12\Chicago\ZoneEffect.gdb\blockgroup,Count_,-1,-1;Sum_HOUSIN "Sum_HOUSIN" true true false 4 Long 0 0,First,#,E:\CMS_GISV3\Data_Chapter\chp12\Chicago\ZoneEffect.gdb\blockgroup,Sum_HOUSIN,-1,-1;Sum_POP10 "Sum_POP10" true true false 4 Long 0 0,First,#,E:\CMS_GISV3\Data_Chapter\chp12\Chicago\ZoneEffect.gdb\blockgroup,Sum_POP10,-1,-1;Shape_Leng "Shape_Leng" true true false 8 Double 0 0,First,#,E:\CMS_GISV3\Data_Chapter\chp12\Chicago\ZoneEffect.gdb\blockgroup,Shape_Leng,-1,-1;density "density" true true false 8 Double 0 0,First,#,E:\CMS_GISV3\Data_Chapter\chp12\Chicago\ZoneEffect.gdb\blockgroup,density,-1,-1;Shape_Length "Shape_Length" false true true 8 Double 0 0,First,#,E:\CMS_GISV3\Data_Chapter\chp12\Chicago\ZoneEffect.gdb\blockgroup,Shape_Length,-1,-1;Shape_Area "Shape_Area" false true true 8 Double 0 0,First,#,E:\CMS_GISV3\Data_Chapter\chp12\Chicago\ZoneEffect.gdb\blockgroup,Shape_Area,-1,-1" #</Process></lineage><itemProps><itemName Sync="TRUE">blockgroup</itemName><imsContentType Sync="TRUE">002</imsContentType><itemSize Sync="TRUE">0.000</itemSize><itemLocation><linkage Sync="TRUE">file://\\UIL\E$\KNIME\CMGISV3\Chp12\data\blockgroup.shp</linkage><protocol Sync="TRUE">Local Area Network</protocol></itemLocation></itemProps><coordRef><type Sync="TRUE">Projected</type><geogcsn Sync="TRUE">GCS_North_American_1983</geogcsn><csUnits Sync="TRUE">Linear Unit: Meter (1.000000)</csUnits><projcsn Sync="TRUE">NAD_1983_UTM_Zone_15N</projcsn><peXml Sync="TRUE">&lt;ProjectedCoordinateSystem xsi:type='typens:ProjectedCoordinateSystem' xmlns:xsi='http://www.w3.org/2001/XMLSchema-instance' xmlns:xs='http://www.w3.org/2001/XMLSchema' xmlns:typens='http://www.esri.com/schemas/ArcGIS/3.0.0'&gt;&lt;WKT&gt;PROJCS[&amp;quot;NAD_1983_UTM_Zone_15N&amp;quot;,GEOGCS[&amp;quot;GCS_North_American_1983&amp;quot;,DATUM[&amp;quot;D_North_American_1983&amp;quot;,SPHEROID[&amp;quot;GRS_1980&amp;quot;,6378137.0,298.257222101]],PRIMEM[&amp;quot;Greenwich&amp;quot;,0.0],UNIT[&amp;quot;Degree&amp;quot;,0.0174532925199433]],PROJECTION[&amp;quot;Transverse_Mercator&amp;quot;],PARAMETER[&amp;quot;False_Easting&amp;quot;,500000.0],PARAMETER[&amp;quot;False_Northing&amp;quot;,0.0],PARAMETER[&amp;quot;Central_Meridian&amp;quot;,-93.0],PARAMETER[&amp;quot;Scale_Factor&amp;quot;,0.9996],PARAMETER[&amp;quot;Latitude_Of_Origin&amp;quot;,0.0],UNIT[&amp;quot;Meter&amp;quot;,1.0],AUTHORITY[&amp;quot;EPSG&amp;quot;,26915]]&lt;/WKT&gt;&lt;XOrigin&gt;-5120900&lt;/XOrigin&gt;&lt;YOrigin&gt;-9998100&lt;/YOrigin&gt;&lt;XYScale&gt;450445547.3910538&lt;/XYScale&gt;&lt;ZOrigin&gt;-100000&lt;/ZOrigin&gt;&lt;ZScale&gt;10000&lt;/ZScale&gt;&lt;MOrigin&gt;-100000&lt;/MOrigin&gt;&lt;MScale&gt;10000&lt;/MScale&gt;&lt;XYTolerance&gt;0.001&lt;/XYTolerance&gt;&lt;ZTolerance&gt;0.001&lt;/ZTolerance&gt;&lt;MTolerance&gt;0.001&lt;/MTolerance&gt;&lt;HighPrecision&gt;true&lt;/HighPrecision&gt;&lt;WKID&gt;26915&lt;/WKID&gt;&lt;LatestWKID&gt;26915&lt;/LatestWKID&gt;&lt;/ProjectedCoordinateSystem&gt;</peXml></coordRef></DataProperties><SyncDate>20230313</SyncDate><SyncTime>16435300</SyncTime><ModDate>20230313</ModDate><ModTime>16435300</ModTime></Esri><dataIdInfo><envirDesc Sync="TRUE">Microsoft Windows 10 Version 10.0 (Build 22621) ; Esri ArcGIS 13.0.2.36056</envirDesc><dataLang><languageCode value="eng" Sync="TRUE"></languageCode><countryCode value="USA" Sync="TRUE"></countryCode></dataLang><idCitation><resTitle Sync="TRUE">blockgroup</resTitle><presForm><PresFormCd value="005" Sync="TRUE"></PresFormCd></presForm></idCitation><spatRpType><SpatRepTypCd value="001" Sync="TRUE"></SpatRepTypCd></spatRpType></dataIdInfo><mdLang><languageCode value="eng" Sync="TRUE"></languageCode><countryCode value="USA" Sync="TRUE"></countryCode></mdLang><distInfo><distFormat><formatName Sync="TRUE">Shapefile</formatName></distFormat><distTranOps><transSize Sync="TRUE">0.000</transSize></distTranOps></distInfo><mdHrLv><ScopeCd value="005" Sync="TRUE"></ScopeCd></mdHrLv><mdHrLvName Sync="TRUE">dataset</mdHrLvName><refSysInfo><RefSystem><refSysID><identCode code="26915" Sync="TRUE"></identCode><idCodeSpace Sync="TRUE">EPSG</idCodeSpace><idVersion Sync="TRUE">6.11(3.0.1)</idVersion></refSysID></RefSystem></refSysInfo><spatRepInfo><VectSpatRep><geometObjs Name="blockgroup"><geoObjTyp><GeoObjTypCd value="002" Sync="TRUE"></GeoObjTypCd></geoObjTyp><geoObjCnt Sync="TRUE">0</geoObjCnt></geometObjs><topLvl><TopoLevCd value="001" Sync="TRUE"></TopoLevCd></topLvl></VectSpatRep></spatRepInfo><spdoinfo><ptvctinf><esriterm Name="blockgroup"><efeatyp Sync="TRUE">Simple</efeatyp><efeageom code="4" Sync="TRUE"></efeageom><esritopo Sync="TRUE">FALSE</esritopo><efeacnt Sync="TRUE">0</efeacnt><spindex Sync="TRUE">FALSE</spindex><linrefer Sync="TRUE">FALSE</linrefer></esriterm></ptvctinf></spdoinfo><eainfo><detailed Name="blockgroup"><enttyp><enttypl Sync="TRUE">blockgroup</enttypl><enttypt Sync="TRUE">Feature Class</enttypt><enttypc Sync="TRUE">0</enttypc></enttyp><attr><attrlabl Sync="TRUE">FID</attrlabl><attalias Sync="TRUE">FID</attalias><attrtype Sync="TRUE">OID</attrtype><attwidth Sync="TRUE">4</attwidth><atprecis Sync="TRUE">0</atprecis><attscale Sync="TRUE">0</attscale><attrdef Sync="TRUE">Internal feature number.</attrdef><attrdefs Sync="TRUE">Esri</attrdefs><attrdomv><udom Sync="TRUE">Sequential unique whole numbers that are automatically generated.</udom></attrdomv></attr><attr><attrlabl Sync="TRUE">Shape</attrlabl><attalias Sync="TRUE">Shape</attalias><attrtype Sync="TRUE">Geometry</attrtype><attwidth Sync="TRUE">0</attwidth><atprecis Sync="TRUE">0</atprecis><attscale Sync="TRUE">0</attscale><attrdef Sync="TRUE">Feature geometry.</attrdef><attrdefs Sync="TRUE">Esri</attrdefs><attrdomv><udom Sync="TRUE">Coordinates defining the features.</udom></attrdomv></attr><attr><attrlabl Sync="TRUE">OBJECTID</attrlabl><attalias Sync="TRUE">OBJECTID</attalias><attrtype Sync="TRUE">Integer</attrtype><attwidth Sync="TRUE">10</attwidth><atprecis Sync="TRUE">10</atprecis><attscale Sync="TRUE">0</attscale></attr><attr><attrlabl Sync="TRUE">STATEFP</attrlabl><attalias Sync="TRUE">STATEFP</attalias><attrtype Sync="TRUE">String</attrtype><attwidth Sync="TRUE">2</attwidth><atprecis Sync="TRUE">0</atprecis><attscale Sync="TRUE">0</attscale></attr><attr><attrlabl Sync="TRUE">COUNTYFP</attrlabl><attalias Sync="TRUE">COUNTYFP</attalias><attrtype Sync="TRUE">String</attrtype><attwidth Sync="TRUE">3</attwidth><atprecis Sync="TRUE">0</atprecis><attscale Sync="TRUE">0</attscale></attr><attr><attrlabl Sync="TRUE">TRACTCE</attrlabl><attalias Sync="TRUE">TRACTCE</attalias><attrtype Sync="TRUE">String</attrtype><attwidth Sync="TRUE">6</attwidth><atprecis Sync="TRUE">0</atprecis><attscale Sync="TRUE">0</attscale></attr><attr><attrlabl Sync="TRUE">BLKGRPCE</attrlabl><attalias Sync="TRUE">BLKGRPCE</attalias><attrtype Sync="TRUE">String</attrtype><attwidth Sync="TRUE">1</attwidth><atprecis Sync="TRUE">0</atprecis><attscale Sync="TRUE">0</attscale></attr><attr><attrlabl Sync="TRUE">AFFGEOID</attrlabl><attalias Sync="TRUE">AFFGEOID</attalias><attrtype Sync="TRUE">String</attrtype><attwidth Sync="TRUE">21</attwidth><atprecis Sync="TRUE">0</atprecis><attscale Sync="TRUE">0</attscale></attr><attr><attrlabl Sync="TRUE">GEOID</attrlabl><attalias Sync="TRUE">GEOID</attalias><attrtype Sync="TRUE">String</attrtype><attwidth Sync="TRUE">12</attwidth><atprecis Sync="TRUE">0</atprecis><attscale Sync="TRUE">0</attscale></attr><attr><attrlabl Sync="TRUE">NAME</attrlabl><attalias Sync="TRUE">NAME</attalias><attrtype Sync="TRUE">String</attrtype><attwidth Sync="TRUE">100</attwidth><atprecis Sync="TRUE">0</atprecis><attscale Sync="TRUE">0</attscale></attr><attr><attrlabl Sync="TRUE">LSAD</attrlabl><attalias Sync="TRUE">LSAD</attalias><attrtype Sync="TRUE">String</attrtype><attwidth Sync="TRUE">2</attwidth><atprecis Sync="TRUE">0</atprecis><attscale Sync="TRUE">0</attscale></attr><attr><attrlabl Sync="TRUE">ALAND</attrlabl><attalias Sync="TRUE">ALAND</attalias><attrtype Sync="TRUE">Double</attrtype><attwidth Sync="TRUE">19</attwidth><atprecis Sync="TRUE">0</atprecis><attscale Sync="TRUE">0</attscale></attr><attr><attrlabl Sync="TRUE">AWATER</attrlabl><attalias Sync="TRUE">AWATER</attalias><attrtype Sync="TRUE">Double</attrtype><attwidth Sync="TRUE">19</attwidth><atprecis Sync="TRUE">0</atprecis><attscale Sync="TRUE">0</attscale></attr><attr><attrlabl Sync="TRUE">Count_</attrlabl><attalias Sync="TRUE">Count_</attalias><attrtype Sync="TRUE">Integer</attrtype><attwidth Sync="TRUE">10</attwidth><atprecis Sync="TRUE">10</atprecis><attscale Sync="TRUE">0</attscale></attr><attr><attrlabl Sync="TRUE">Sum_HOUSIN</attrlabl><attalias Sync="TRUE">Sum_HOUSIN</attalias><attrtype Sync="TRUE">Integer</attrtype><attwidth Sync="TRUE">10</attwidth><atprecis Sync="TRUE">10</atprecis><attscale Sync="TRUE">0</attscale></attr><attr><attrlabl Sync="TRUE">Sum_POP10</attrlabl><attalias Sync="TRUE">Sum_POP10</attalias><attrtype Sync="TRUE">Integer</attrtype><attwidth Sync="TRUE">10</attwidth><atprecis Sync="TRUE">10</atprecis><attscale Sync="TRUE">0</attscale></attr><attr><attrlabl Sync="TRUE">Shape_Leng</attrlabl><attalias Sync="TRUE">Shape_Leng</attalias><attrtype Sync="TRUE">Double</attrtype><attwidth Sync="TRUE">19</attwidth><atprecis Sync="TRUE">0</atprecis><attscale Sync="TRUE">0</attscale></attr><attr><attrlabl Sync="TRUE">Shape_Area</attrlabl><attalias Sync="TRUE">Shape_Area</attalias><attrtype Sync="TRUE">Double</attrtype><attwidth Sync="TRUE">19</attwidth><atprecis Sync="TRUE">0</atprecis><attscale Sync="TRUE">0</attscale><attrdef Sync="TRUE">Area of feature in internal units squared.</attrdef><attrdefs Sync="TRUE">Esri</attrdefs><attrdomv><udom Sync="TRUE">Positive real numbers that are automatically generated.</udom></attrdomv></attr><attr><attrlabl Sync="TRUE">Shape_Le_1</attrlabl><attalias Sync="TRUE">Shape_Le_1</attalias><attrtype Sync="TRUE">Double</attrtype><attwidth Sync="TRUE">19</attwidth><atprecis Sync="TRUE">0</atprecis><attscale Sync="TRUE">0</attscale></attr><attr><attrlabl Sync="TRUE">density</attrlabl><attalias Sync="TRUE">density</attalias><attrtype Sync="TRUE">Double</attrtype><attwidth Sync="TRUE">19</attwidth><atprecis Sync="TRUE">0</atprecis><attscale Sync="TRUE">0</attscale></attr></detailed></eainfo><mdDateSt Sync="TRUE">20230313</mdDateSt></metadata>
