<metadata xml:lang="zh"><Esri><CreaDate>20220310</CreaDate><CreaTime>18093600</CreaTime><ArcGISFormat>1.0</ArcGISFormat><SyncOnce>FALSE</SyncOnce><DataProperties><lineage><Process ToolSource="c:\program files\arcgis\pro\Resources\ArcToolbox\toolboxes\Data Management Tools.tbx\FeatureToPoint" Date="20220310" Time="180936">FeatureToPoint MSAblk100 E:\CMS_GISV3\Case05\Case05\Default.gdb\MSAblk10bandpt INSIDE</Process><Process ToolSource="c:\program files\arcgis\pro\Resources\ArcToolbox\toolboxes\Conversion Tools.tbx\FeatureClassToFeatureClass" Date="20220311" Time="144910">FeatureClassToFeatureClass MSAblk10bandpt E:\CMS_GISV3\Case05\Case05\BRMSA.gdb MSAblk10bandpt # "STATEFP10 "STATEFP10" true true false 2 Text 0 0,First,#,MSAblk10bandpt,MSAblk100_STATEFP10,0,2;COUNTYFP10 "COUNTYFP10" true true false 3 Text 0 0,First,#,MSAblk10bandpt,MSAblk100_COUNTYFP10,0,3;TRACTCE10 "TRACTCE10" true true false 6 Text 0 0,First,#,MSAblk10bandpt,MSAblk100_TRACTCE10,0,6;BLOCKCE "BLOCKCE" true true false 4 Text 0 0,First,#,MSAblk10bandpt,MSAblk100_BLOCKCE,0,4;BLOCKID10 "BLOCKID10" true true false 15 Text 0 0,First,#,MSAblk10bandpt,MSAblk100_BLOCKID10,0,15;PARTFLG "PARTFLG" true true false 1 Text 0 0,First,#,MSAblk10bandpt,MSAblk100_PARTFLG,0,1;HOUSING10 "HOUSING10" true true false 4 Long 0 0,First,#,MSAblk10bandpt,MSAblk100_HOUSING10,-1,-1;POP10 "POP10" true true false 4 Long 0 0,First,#,MSAblk10bandpt,MSAblk100_POP10,-1,-1;BlockCode "BlockCode" true true false 15 Text 0 0,First,#,MSAblk10bandpt,LAFixed2020_Statistics_BlockCode,0,15;MEAN_MaxAdDown "MEAN_MaxAdDown" true true false 8 Double 0 0,First,#,MSAblk10bandpt,LAFixed2020_Statistics_MEAN_MaxAdDown,-1,-1;MEAN_MaxAdUp "MEAN_MaxAdUp" true true false 8 Double 0 0,First,#,MSAblk10bandpt,LAFixed2020_Statistics_MEAN_MaxAdUp,-1,-1" #</Process><Process ToolSource="c:\program files\arcgis\pro\Resources\ArcToolbox\toolboxes\Conversion Tools.tbx\FeatureClassToFeatureClass" Date="20220826" Time="093355">FeatureClassToFeatureClass MSAblk10bandpt E:\CMS_GISV3\Case05\Case05\MSAknime MSAblk10bandpt1.shp # "STATEFP10 "STATEFP10" true true false 2 Text 0 0,First,#,MSAblk10bandpt,STATEFP10,0,2;COUNTYFP10 "COUNTYFP10" true true false 3 Text 0 0,First,#,MSAblk10bandpt,COUNTYFP10,0,3;TRACTCE10 "TRACTCE10" true true false 6 Text 0 0,First,#,MSAblk10bandpt,TRACTCE10,0,6;BLOCKCE "BLOCKCE" true true false 4 Text 0 0,First,#,MSAblk10bandpt,BLOCKCE,0,4;BLOCKID10 "BLOCKID10" true true false 15 Text 0 0,First,#,MSAblk10bandpt,BLOCKID10,0,15;PARTFLG "PARTFLG" true true false 1 Text 0 0,First,#,MSAblk10bandpt,PARTFLG,0,1;HOUSING10 "HOUSING10" true true false 4 Long 0 0,First,#,MSAblk10bandpt,HOUSING10,-1,-1;POP10 "POP10" true true false 4 Long 0 0,First,#,MSAblk10bandpt,POP10,-1,-1;BlockCode "BlockCode" true true false 15 Text 0 0,First,#,MSAblk10bandpt,BlockCode,0,15;MaxDown "MaxDown" true true false 8 Double 0 0,First,#,MSAblk10bandpt,MEAN_MaxAdDown,-1,-1;MaxUp "MaxUp" true true false 8 Double 0 0,First,#,MSAblk10bandpt,MEAN_MaxAdUp,-1,-1" #</Process><Process ToolSource="c:\program files\arcgis\pro\Resources\ArcToolbox\toolboxes\Data Management Tools.tbx\Rename" Date="20220826" Time="093428">Rename E:\CMS_GISV3\Case05\Case05\MSAknime\MSAblk10bandpt1.shp E:\CMS_GISV3\Case05\Case05\MSAknime\MSAblk10bandpt.shp ShapeFile</Process></lineage><itemProps><itemName Sync="TRUE">MSAblk10bandpt1</itemName><imsContentType Sync="TRUE">002</imsContentType><itemLocation><linkage Sync="TRUE">file://\\UIL\E$\CMS_GISV3\Case05\Case05\MSAknime\MSAblk10bandpt1.shp</linkage><protocol Sync="TRUE">Local Area Network</protocol></itemLocation><itemSize Sync="TRUE">0.000</itemSize></itemProps><coordRef><type Sync="TRUE">Geographic</type><geogcsn Sync="TRUE">GCS_North_American_1983</geogcsn><csUnits Sync="TRUE">Angular Unit: Degree (0.017453)</csUnits><peXml Sync="TRUE">&lt;GeographicCoordinateSystem xsi:type='typens:GeographicCoordinateSystem' xmlns:xsi='http://www.w3.org/2001/XMLSchema-instance' xmlns:xs='http://www.w3.org/2001/XMLSchema' xmlns:typens='http://www.esri.com/schemas/ArcGIS/2.9.0'&gt;&lt;WKT&gt;GEOGCS[&amp;quot;GCS_North_American_1983&amp;quot;,DATUM[&amp;quot;D_North_American_1983&amp;quot;,SPHEROID[&amp;quot;GRS_1980&amp;quot;,6378137.0,298.257222101]],PRIMEM[&amp;quot;Greenwich&amp;quot;,0.0],UNIT[&amp;quot;Degree&amp;quot;,0.0174532925199433],AUTHORITY[&amp;quot;EPSG&amp;quot;,4269]]&lt;/WKT&gt;&lt;XOrigin&gt;-400&lt;/XOrigin&gt;&lt;YOrigin&gt;-400&lt;/YOrigin&gt;&lt;XYScale&gt;11258999068426.238&lt;/XYScale&gt;&lt;ZOrigin&gt;-100000&lt;/ZOrigin&gt;&lt;ZScale&gt;10000&lt;/ZScale&gt;&lt;MOrigin&gt;-100000&lt;/MOrigin&gt;&lt;MScale&gt;10000&lt;/MScale&gt;&lt;XYTolerance&gt;8.983152841195215e-09&lt;/XYTolerance&gt;&lt;ZTolerance&gt;0.001&lt;/ZTolerance&gt;&lt;MTolerance&gt;0.001&lt;/MTolerance&gt;&lt;HighPrecision&gt;true&lt;/HighPrecision&gt;&lt;LeftLongitude&gt;-180&lt;/LeftLongitude&gt;&lt;WKID&gt;4269&lt;/WKID&gt;&lt;LatestWKID&gt;4269&lt;/LatestWKID&gt;&lt;/GeographicCoordinateSystem&gt;</peXml></coordRef></DataProperties><SyncDate>20220826</SyncDate><SyncTime>09335200</SyncTime><ModDate>20220826</ModDate><ModTime>09335200</ModTime></Esri><dataIdInfo><envirDesc Sync="TRUE">Microsoft Windows 10 Version 10.0 (Build 22000) ; Esri ArcGIS 12.9.0.32739</envirDesc><dataLang><languageCode value="eng" Sync="TRUE"></languageCode><countryCode value="USA" Sync="TRUE"></countryCode></dataLang><idCitation><resTitle Sync="TRUE">MSAblk10bandpt1</resTitle><presForm><PresFormCd value="005" Sync="TRUE"></PresFormCd></presForm></idCitation><spatRpType><SpatRepTypCd value="001" Sync="TRUE"></SpatRepTypCd></spatRpType></dataIdInfo><mdLang><languageCode value="eng" Sync="TRUE"></languageCode><countryCode value="USA" Sync="TRUE"></countryCode></mdLang><distInfo><distFormat><formatName Sync="TRUE">Shapefile</formatName></distFormat><distTranOps><transSize Sync="TRUE">0.000</transSize></distTranOps></distInfo><mdHrLv><ScopeCd value="005" Sync="TRUE"></ScopeCd></mdHrLv><mdHrLvName Sync="TRUE">dataset</mdHrLvName><refSysInfo><RefSystem><refSysID><identCode code="4269" Sync="TRUE"></identCode><idCodeSpace Sync="TRUE">EPSG</idCodeSpace><idVersion Sync="TRUE">6.5(3.0.1)</idVersion></refSysID></RefSystem></refSysInfo><spatRepInfo><VectSpatRep><geometObjs Name="MSAblk10bandpt1"><geoObjTyp><GeoObjTypCd value="004" Sync="TRUE"></GeoObjTypCd></geoObjTyp><geoObjCnt Sync="TRUE">0</geoObjCnt></geometObjs><topLvl><TopoLevCd value="001" Sync="TRUE"></TopoLevCd></topLvl></VectSpatRep></spatRepInfo><spdoinfo><ptvctinf><esriterm Name="MSAblk10bandpt1"><efeatyp Sync="TRUE">Simple</efeatyp><efeageom code="1" Sync="TRUE"></efeageom><esritopo Sync="TRUE">FALSE</esritopo><efeacnt Sync="TRUE">0</efeacnt><spindex Sync="TRUE">FALSE</spindex><linrefer Sync="TRUE">FALSE</linrefer></esriterm></ptvctinf></spdoinfo><eainfo><detailed Name="MSAblk10bandpt1"><enttyp><enttypl Sync="TRUE">MSAblk10bandpt1</enttypl><enttypt Sync="TRUE">Feature Class</enttypt><enttypc Sync="TRUE">0</enttypc></enttyp><attr><attrlabl Sync="TRUE">FID</attrlabl><attalias Sync="TRUE">FID</attalias><attrtype Sync="TRUE">OID</attrtype><attwidth Sync="TRUE">4</attwidth><atprecis Sync="TRUE">0</atprecis><attscale Sync="TRUE">0</attscale><attrdef Sync="TRUE">Internal feature number.</attrdef><attrdefs Sync="TRUE">Esri</attrdefs><attrdomv><udom Sync="TRUE">Sequential unique whole numbers that are automatically generated.</udom></attrdomv></attr><attr><attrlabl Sync="TRUE">Shape</attrlabl><attalias Sync="TRUE">Shape</attalias><attrtype Sync="TRUE">Geometry</attrtype><attwidth Sync="TRUE">0</attwidth><atprecis Sync="TRUE">0</atprecis><attscale Sync="TRUE">0</attscale><attrdef Sync="TRUE">Feature geometry.</attrdef><attrdefs Sync="TRUE">Esri</attrdefs><attrdomv><udom Sync="TRUE">Coordinates defining the features.</udom></attrdomv></attr><attr><attrlabl Sync="TRUE">STATEFP10</attrlabl><attalias Sync="TRUE">STATEFP10</attalias><attrtype Sync="TRUE">String</attrtype><attwidth Sync="TRUE">2</attwidth><atprecis Sync="TRUE">0</atprecis><attscale Sync="TRUE">0</attscale></attr><attr><attrlabl Sync="TRUE">COUNTYFP10</attrlabl><attalias Sync="TRUE">COUNTYFP10</attalias><attrtype Sync="TRUE">String</attrtype><attwidth Sync="TRUE">3</attwidth><atprecis Sync="TRUE">0</atprecis><attscale Sync="TRUE">0</attscale></attr><attr><attrlabl Sync="TRUE">TRACTCE10</attrlabl><attalias Sync="TRUE">TRACTCE10</attalias><attrtype Sync="TRUE">String</attrtype><attwidth Sync="TRUE">6</attwidth><atprecis Sync="TRUE">0</atprecis><attscale Sync="TRUE">0</attscale></attr><attr><attrlabl Sync="TRUE">BLOCKCE</attrlabl><attalias Sync="TRUE">BLOCKCE</attalias><attrtype Sync="TRUE">String</attrtype><attwidth Sync="TRUE">4</attwidth><atprecis Sync="TRUE">0</atprecis><attscale Sync="TRUE">0</attscale></attr><attr><attrlabl Sync="TRUE">BLOCKID10</attrlabl><attalias Sync="TRUE">BLOCKID10</attalias><attrtype Sync="TRUE">String</attrtype><attwidth Sync="TRUE">15</attwidth><atprecis Sync="TRUE">0</atprecis><attscale Sync="TRUE">0</attscale></attr><attr><attrlabl Sync="TRUE">PARTFLG</attrlabl><attalias Sync="TRUE">PARTFLG</attalias><attrtype Sync="TRUE">String</attrtype><attwidth Sync="TRUE">1</attwidth><atprecis Sync="TRUE">0</atprecis><attscale Sync="TRUE">0</attscale></attr><attr><attrlabl Sync="TRUE">HOUSING10</attrlabl><attalias Sync="TRUE">HOUSING10</attalias><attrtype Sync="TRUE">Integer</attrtype><attwidth Sync="TRUE">10</attwidth><atprecis Sync="TRUE">10</atprecis><attscale Sync="TRUE">0</attscale></attr><attr><attrlabl Sync="TRUE">POP10</attrlabl><attalias Sync="TRUE">POP10</attalias><attrtype Sync="TRUE">Integer</attrtype><attwidth Sync="TRUE">10</attwidth><atprecis Sync="TRUE">10</atprecis><attscale Sync="TRUE">0</attscale></attr><attr><attrlabl Sync="TRUE">BlockCode</attrlabl><attalias Sync="TRUE">BlockCode</attalias><attrtype Sync="TRUE">String</attrtype><attwidth Sync="TRUE">15</attwidth><atprecis Sync="TRUE">0</atprecis><attscale Sync="TRUE">0</attscale></attr><attr><attrlabl Sync="TRUE">MaxDown</attrlabl><attalias Sync="TRUE">MaxDown</attalias><attrtype Sync="TRUE">Double</attrtype><attwidth Sync="TRUE">19</attwidth><atprecis Sync="TRUE">0</atprecis><attscale Sync="TRUE">0</attscale></attr><attr><attrlabl Sync="TRUE">MaxUp</attrlabl><attalias Sync="TRUE">MaxUp</attalias><attrtype Sync="TRUE">Double</attrtype><attwidth Sync="TRUE">19</attwidth><atprecis Sync="TRUE">0</atprecis><attscale Sync="TRUE">0</attscale></attr></detailed></eainfo><mdDateSt Sync="TRUE">20220826</mdDateSt></metadata>
