<metadata xml:lang="zh"><Esri><CreaDate>20220105</CreaDate><CreaTime>15471000</CreaTime><ArcGISFormat>1.0</ArcGISFormat><SyncOnce>FALSE</SyncOnce><DataProperties><itemProps><itemName Sync="TRUE">BRTrtUtm</itemName><imsContentType Sync="TRUE">002</imsContentType><itemLocation><linkage Sync="TRUE">file://\\LAPTOP-OT020O4T\E$\CMS_GISV3\Data\BR\BRTrtUtm.shp</linkage><protocol Sync="TRUE">Local Area Network</protocol></itemLocation><itemSize Sync="TRUE">0.000</itemSize></itemProps><coordRef><type Sync="TRUE">Projected</type><geogcsn Sync="TRUE">GCS_North_American_1983</geogcsn><csUnits Sync="TRUE">Linear Unit: Meter (1.000000)</csUnits><peXml Sync="TRUE">&lt;ProjectedCoordinateSystem xsi:type='typens:ProjectedCoordinateSystem' xmlns:xsi='http://www.w3.org/2001/XMLSchema-instance' xmlns:xs='http://www.w3.org/2001/XMLSchema' xmlns:typens='http://www.esri.com/schemas/ArcGIS/2.9.0'&gt;&lt;WKT&gt;PROJCS[&amp;quot;NAD_1983_UTM_Zone_15N&amp;quot;,GEOGCS[&amp;quot;GCS_North_American_1983&amp;quot;,DATUM[&amp;quot;D_North_American_1983&amp;quot;,SPHEROID[&amp;quot;GRS_1980&amp;quot;,6378137.0,298.257222101]],PRIMEM[&amp;quot;Greenwich&amp;quot;,0.0],UNIT[&amp;quot;Degree&amp;quot;,0.0174532925199433]],PROJECTION[&amp;quot;Transverse_Mercator&amp;quot;],PARAMETER[&amp;quot;False_Easting&amp;quot;,500000.0],PARAMETER[&amp;quot;False_Northing&amp;quot;,0.0],PARAMETER[&amp;quot;Central_Meridian&amp;quot;,-93.0],PARAMETER[&amp;quot;Scale_Factor&amp;quot;,0.9996],PARAMETER[&amp;quot;Latitude_Of_Origin&amp;quot;,0.0],UNIT[&amp;quot;Meter&amp;quot;,1.0],AUTHORITY[&amp;quot;EPSG&amp;quot;,26915]]&lt;/WKT&gt;&lt;XOrigin&gt;-5120900&lt;/XOrigin&gt;&lt;YOrigin&gt;-9998100&lt;/YOrigin&gt;&lt;XYScale&gt;450445547.3910538&lt;/XYScale&gt;&lt;ZOrigin&gt;-100000&lt;/ZOrigin&gt;&lt;ZScale&gt;10000&lt;/ZScale&gt;&lt;MOrigin&gt;-100000&lt;/MOrigin&gt;&lt;MScale&gt;10000&lt;/MScale&gt;&lt;XYTolerance&gt;0.001&lt;/XYTolerance&gt;&lt;ZTolerance&gt;0.001&lt;/ZTolerance&gt;&lt;MTolerance&gt;0.001&lt;/MTolerance&gt;&lt;HighPrecision&gt;true&lt;/HighPrecision&gt;&lt;WKID&gt;26915&lt;/WKID&gt;&lt;LatestWKID&gt;26915&lt;/LatestWKID&gt;&lt;/ProjectedCoordinateSystem&gt;</peXml><projcsn Sync="TRUE">NAD_1983_UTM_Zone_15N</projcsn></coordRef><lineage><Process ToolSource="c:\program files\arcgis\pro\Resources\ArcToolbox\toolboxes\Conversion Tools.tbx\FeatureClassToFeatureClass" Date="20220105" Time="154411">FeatureClassToFeatureClass Tract E:\CMS_GISV3\Case01\Case1.gdb EBRPTrt # "STATEFP "STATEFP" true true false 2 Text 0 0,First,#,Tract,STATEFP,0,2;COUNTYFP "COUNTYFP" true true false 3 Text 0 0,First,#,Tract,COUNTYFP,0,3;TRACTCE "TRACTCE" true true false 6 Text 0 0,First,#,Tract,TRACTCE,0,6;GEOID "GEOID" true true false 11 Text 0 0,First,#,Tract,GEOID,0,11;NAME "NAME" true true false 7 Text 0 0,First,#,Tract,NAME,0,7;NAMELSAD "NAMELSAD" true true false 20 Text 0 0,First,#,Tract,NAMELSAD,0,20;MTFCC "MTFCC" true true false 5 Text 0 0,First,#,Tract,MTFCC,0,5;FUNCSTAT "FUNCSTAT" true true false 1 Text 0 0,First,#,Tract,FUNCSTAT,0,1;ALAND "ALAND" true true false 8 Double 0 0,First,#,Tract,ALAND,-1,-1;AWATER "AWATER" true true false 8 Double 0 0,First,#,Tract,AWATER,-1,-1;INTPTLAT "INTPTLAT" true true false 11 Text 0 0,First,#,Tract,INTPTLAT,0,11;INTPTLON "INTPTLON" true true false 12 Text 0 0,First,#,Tract,INTPTLON,0,12;P0010001 "P0010001" true true false 254 Text 0 0,First,#,Tract,P0010001,0,254;SUMLEV "SUMLEV" true true false 4 Long 0 0,First,#,Tract,SUMLEV,-1,-1;P0010003 "P0010003" true true false 8 Double 0 0,First,#,Tract,P0010003,-1,-1;STATE "STATE" true true false 4 Long 0 0,First,#,Tract,STATE,-1,-1;COUNTY "COUNTY" true true false 4 Long 0 0,First,#,Tract,COUNTY,-1,-1;TRACT "TRACT" true true false 4 Long 0 0,First,#,Tract,TRACT,-1,-1;POP100 "POP100" true true false 4 Long 0 0,First,#,Tract,POP100,-1,-1;HU100 "HU100" true true false 4 Long 0 0,First,#,Tract,HU100,-1,-1;P0010002 "P0010002" true true false 4 Long 0 0,First,#,Tract,P0010002,-1,-1;P0010004 "P0010004" true true false 4 Long 0 0,First,#,Tract,P0010004,-1,-1;P0010005 "P0010005" true true false 4 Long 0 0,First,#,Tract,P0010005,-1,-1;P0010006 "P0010006" true true false 4 Long 0 0,First,#,Tract,P0010006,-1,-1;P0010007 "P0010007" true true false 4 Long 0 0,First,#,Tract,P0010007,-1,-1;P0010008 "P0010008" true true false 4 Long 0 0,First,#,Tract,P0010008,-1,-1;P0020002 "P0020002" true true false 4 Long 0 0,First,#,Tract,P0020002,-1,-1;Shape_Length "Shape_Length" false true true 8 Double 0 0,First,#,Tract,Shape_Length,-1,-1;Shape_Area "Shape_Area" false true true 8 Double 0 0,First,#,Tract,Shape_Area,-1,-1" #</Process><Process ToolSource="c:\program files\arcgis\pro\Resources\ArcToolbox\toolboxes\Data Management Tools.tbx\Project" Date="20220105" Time="154710">Project EBRPTrt E:\CMS_GISV3\Case01\Case1.gdb\BRTrtUtm PROJCS["NAD_1983_UTM_Zone_15N",GEOGCS["GCS_North_American_1983",DATUM["D_North_American_1983",SPHEROID["GRS_1980",6378137.0,298.257222101]],PRIMEM["Greenwich",0.0],UNIT["Degree",0.0174532925199433]],PROJECTION["Transverse_Mercator"],PARAMETER["False_Easting",500000.0],PARAMETER["False_Northing",0.0],PARAMETER["Central_Meridian",-93.0],PARAMETER["Scale_Factor",0.9996],PARAMETER["Latitude_Of_Origin",0.0],UNIT["Meter",1.0]] # GEOGCS["GCS_North_American_1983",DATUM["D_North_American_1983",SPHEROID["GRS_1980",6378137.0,298.257222101]],PRIMEM["Greenwich",0.0],UNIT["Degree",0.0174532925199433]] NO_PRESERVE_SHAPE # NO_VERTICAL</Process><Process ToolSource="c:\program files\arcgis\pro\Resources\ArcToolbox\toolboxes\Data Management Tools.tbx\UpdateSchema" Date="20220105" Time="154945">UpdateSchema "CIMDATA=&lt;CIMStandardDataConnection xsi:type='typens:CIMStandardDataConnection' xmlns:xsi='http://www.w3.org/2001/XMLSchema-instance' xmlns:xs='http://www.w3.org/2001/XMLSchema' xmlns:typens='http://www.esri.com/schemas/ArcGIS/2.9.0'&gt;&lt;WorkspaceConnectionString&gt;DATABASE=E:\CMS_GISV3\Case01\Case1.gdb&lt;/WorkspaceConnectionString&gt;&lt;WorkspaceFactory&gt;FileGDB&lt;/WorkspaceFactory&gt;&lt;Dataset&gt;BRTrtUtm&lt;/Dataset&gt;&lt;DatasetType&gt;esriDTFeatureClass&lt;/DatasetType&gt;&lt;/CIMStandardDataConnection&gt;" &lt;operationSequence&gt;&lt;workflow&gt;&lt;AddField&gt;&lt;field_name&gt;Area&lt;/field_name&gt;&lt;field_type&gt;DOUBLE&lt;/field_type&gt;&lt;field_alias&gt;Area&lt;/field_alias&gt;&lt;field_is_nullable&gt;True&lt;/field_is_nullable&gt;&lt;field_is_required&gt;False&lt;/field_is_required&gt;&lt;/AddField&gt;&lt;/workflow&gt;&lt;/operationSequence&gt;</Process><Process ToolSource="c:\program files\arcgis\pro\Resources\ArcToolbox\toolboxes\Data Management Tools.tbx\CalculateGeometryAttributes" Date="20220105" Time="155053">CalculateGeometryAttributes BRTrtUtm "Area AREA" # "Square meters" PROJCS["NAD_1983_UTM_Zone_15N",GEOGCS["GCS_North_American_1983",DATUM["D_North_American_1983",SPHEROID["GRS_1980",6378137.0,298.257222101]],PRIMEM["Greenwich",0.0],UNIT["Degree",0.0174532925199433]],PROJECTION["Transverse_Mercator"],PARAMETER["False_Easting",500000.0],PARAMETER["False_Northing",0.0],PARAMETER["Central_Meridian",-93.0],PARAMETER["Scale_Factor",0.9996],PARAMETER["Latitude_Of_Origin",0.0],UNIT["Meter",1.0]] "Same as input"</Process><Process ToolSource="c:\program files\arcgis\pro\Resources\ArcToolbox\toolboxes\Data Management Tools.tbx\UpdateSchema" Date="20220105" Time="155154">UpdateSchema "CIMDATA=&lt;CIMStandardDataConnection xsi:type='typens:CIMStandardDataConnection' xmlns:xsi='http://www.w3.org/2001/XMLSchema-instance' xmlns:xs='http://www.w3.org/2001/XMLSchema' xmlns:typens='http://www.esri.com/schemas/ArcGIS/2.9.0'&gt;&lt;WorkspaceConnectionString&gt;DATABASE=E:\CMS_GISV3\Case01\Case1.gdb&lt;/WorkspaceConnectionString&gt;&lt;WorkspaceFactory&gt;FileGDB&lt;/WorkspaceFactory&gt;&lt;Dataset&gt;BRTrtUtm&lt;/Dataset&gt;&lt;DatasetType&gt;esriDTFeatureClass&lt;/DatasetType&gt;&lt;/CIMStandardDataConnection&gt;" &lt;operationSequence&gt;&lt;workflow&gt;&lt;AddField&gt;&lt;field_name&gt;PopuDen&lt;/field_name&gt;&lt;field_type&gt;DOUBLE&lt;/field_type&gt;&lt;field_alias&gt;PopuDen&lt;/field_alias&gt;&lt;field_is_nullable&gt;True&lt;/field_is_nullable&gt;&lt;field_is_required&gt;False&lt;/field_is_required&gt;&lt;/AddField&gt;&lt;/workflow&gt;&lt;workflow&gt;&lt;AddField&gt;&lt;field_name&gt;Field&lt;/field_name&gt;&lt;field_type&gt;LONG&lt;/field_type&gt;&lt;field_alias&gt;Field&lt;/field_alias&gt;&lt;field_is_nullable&gt;True&lt;/field_is_nullable&gt;&lt;field_is_required&gt;False&lt;/field_is_required&gt;&lt;/AddField&gt;&lt;/workflow&gt;&lt;/operationSequence&gt;</Process><Process ToolSource="c:\program files\arcgis\pro\Resources\ArcToolbox\toolboxes\Data Management Tools.tbx\DeleteField" Date="20220105" Time="155205">DeleteField BRTrtUtm Field "Delete Fields"</Process><Process ToolSource="c:\program files\arcgis\pro\Resources\ArcToolbox\toolboxes\Data Management Tools.tbx\CalculateField" Date="20220105" Time="155429">CalculateField BRTrtUtm PopuDen "!POP100! * 1000000 / !Area!" "Python 3" # Text NO_ENFORCE_DOMAINS</Process><Process ToolSource="c:\program files\arcgis\pro\Resources\ArcToolbox\toolboxes\Conversion Tools.tbx\FeatureClassToFeatureClass" Date="20220123" Time="180757">FeatureClassToFeatureClass BRTrtUtm E:\CMS_GISV3\Data\BR BRTrtUtm.shp # "STATEFP "STATEFP" true true false 2 Text 0 0,First,#,BRTrtUtm,STATEFP,0,2;COUNTYFP "COUNTYFP" true true false 3 Text 0 0,First,#,BRTrtUtm,COUNTYFP,0,3;TRACTCE "TRACTCE" true true false 6 Text 0 0,First,#,BRTrtUtm,TRACTCE,0,6;GEOID "GEOID" true true false 11 Text 0 0,First,#,BRTrtUtm,GEOID,0,11;NAME "NAME" true true false 7 Text 0 0,First,#,BRTrtUtm,NAME,0,7;NAMELSAD "NAMELSAD" true true false 20 Text 0 0,First,#,BRTrtUtm,NAMELSAD,0,20;MTFCC "MTFCC" true true false 5 Text 0 0,First,#,BRTrtUtm,MTFCC,0,5;FUNCSTAT "FUNCSTAT" true true false 1 Text 0 0,First,#,BRTrtUtm,FUNCSTAT,0,1;ALAND "ALAND" true true false 8 Double 0 0,First,#,BRTrtUtm,ALAND,-1,-1;AWATER "AWATER" true true false 8 Double 0 0,First,#,BRTrtUtm,AWATER,-1,-1;INTPTLAT "INTPTLAT" true true false 11 Text 0 0,First,#,BRTrtUtm,INTPTLAT,0,11;INTPTLON "INTPTLON" true true false 12 Text 0 0,First,#,BRTrtUtm,INTPTLON,0,12;P0010001 "P0010001" true true false 254 Text 0 0,First,#,BRTrtUtm,P0010001,0,254;SUMLEV "SUMLEV" true true false 4 Long 0 0,First,#,BRTrtUtm,SUMLEV,-1,-1;P0010003 "P0010003" true true false 8 Double 0 0,First,#,BRTrtUtm,P0010003,-1,-1;STATE "STATE" true true false 4 Long 0 0,First,#,BRTrtUtm,STATE,-1,-1;COUNTY "COUNTY" true true false 4 Long 0 0,First,#,BRTrtUtm,COUNTY,-1,-1;TRACT "TRACT" true true false 4 Long 0 0,First,#,BRTrtUtm,TRACT,-1,-1;POP100 "POP100" true true false 4 Long 0 0,First,#,BRTrtUtm,POP100,-1,-1;HU100 "HU100" true true false 4 Long 0 0,First,#,BRTrtUtm,HU100,-1,-1;P0010002 "P0010002" true true false 4 Long 0 0,First,#,BRTrtUtm,P0010002,-1,-1;P0010004 "P0010004" true true false 4 Long 0 0,First,#,BRTrtUtm,P0010004,-1,-1;P0010005 "P0010005" true true false 4 Long 0 0,First,#,BRTrtUtm,P0010005,-1,-1;P0010006 "P0010006" true true false 4 Long 0 0,First,#,BRTrtUtm,P0010006,-1,-1;P0010007 "P0010007" true true false 4 Long 0 0,First,#,BRTrtUtm,P0010007,-1,-1;P0010008 "P0010008" true true false 4 Long 0 0,First,#,BRTrtUtm,P0010008,-1,-1;P0020002 "P0020002" true true false 4 Long 0 0,First,#,BRTrtUtm,P0020002,-1,-1;Shape_Length "Shape_Length" false true true 8 Double 0 0,First,#,BRTrtUtm,Shape_Length,-1,-1;Shape_Area "Shape_Area" false true true 8 Double 0 0,First,#,BRTrtUtm,Shape_Area,-1,-1;Area "Area" true true false 8 Double 0 0,First,#,BRTrtUtm,Area,-1,-1;PopuDen "PopuDen" true true false 8 Double 0 0,First,#,BRTrtUtm,PopuDen,-1,-1" #</Process></lineage></DataProperties><SyncDate>20220123</SyncDate><SyncTime>18075700</SyncTime><ModDate>20220123</ModDate><ModTime>18075700</ModTime></Esri><dataIdInfo><envirDesc Sync="TRUE">Microsoft Windows 10 Version 10.0 (Build 19043) ; Esri ArcGIS 12.9.0.32739</envirDesc><dataLang><languageCode value="zho" Sync="TRUE"></languageCode><countryCode value="CHN" Sync="TRUE"></countryCode></dataLang><idCitation><resTitle Sync="TRUE">BRTrtUtm</resTitle><presForm><PresFormCd value="005" Sync="TRUE"></PresFormCd></presForm></idCitation><spatRpType><SpatRepTypCd value="001" Sync="TRUE"></SpatRepTypCd></spatRpType></dataIdInfo><mdLang><languageCode value="zho" Sync="TRUE"></languageCode><countryCode value="CHN" Sync="TRUE"></countryCode></mdLang><distInfo><distFormat><formatName Sync="TRUE">Shapefile</formatName></distFormat><distTranOps><transSize Sync="TRUE">0.000</transSize></distTranOps></distInfo><mdHrLv><ScopeCd value="005" Sync="TRUE"></ScopeCd></mdHrLv><mdHrLvName Sync="TRUE">dataset</mdHrLvName><refSysInfo><RefSystem><refSysID><identCode code="26915" Sync="TRUE"></identCode><idCodeSpace Sync="TRUE">EPSG</idCodeSpace><idVersion Sync="TRUE">6.11(3.0.1)</idVersion></refSysID></RefSystem></refSysInfo><spatRepInfo><VectSpatRep><geometObjs Name="BRTrtUtm"><geoObjTyp><GeoObjTypCd value="002" Sync="TRUE"></GeoObjTypCd></geoObjTyp><geoObjCnt Sync="TRUE">0</geoObjCnt></geometObjs><topLvl><TopoLevCd value="001" Sync="TRUE"></TopoLevCd></topLvl></VectSpatRep></spatRepInfo><spdoinfo><ptvctinf><esriterm Name="BRTrtUtm"><efeatyp Sync="TRUE">Simple</efeatyp><efeageom code="4" Sync="TRUE"></efeageom><esritopo Sync="TRUE">FALSE</esritopo><efeacnt Sync="TRUE">0</efeacnt><spindex Sync="TRUE">FALSE</spindex><linrefer Sync="TRUE">FALSE</linrefer></esriterm></ptvctinf></spdoinfo><eainfo><detailed Name="BRTrtUtm"><enttyp><enttypl Sync="TRUE">BRTrtUtm</enttypl><enttypt Sync="TRUE">Feature Class</enttypt><enttypc Sync="TRUE">0</enttypc></enttyp><attr><attrlabl Sync="TRUE">FID</attrlabl><attalias Sync="TRUE">FID</attalias><attrtype Sync="TRUE">OID</attrtype><attwidth Sync="TRUE">4</attwidth><atprecis Sync="TRUE">0</atprecis><attscale Sync="TRUE">0</attscale><attrdef Sync="TRUE">Internal feature number.</attrdef><attrdefs Sync="TRUE">Esri</attrdefs><attrdomv><udom Sync="TRUE">Sequential unique whole numbers that are automatically generated.</udom></attrdomv></attr><attr><attrlabl Sync="TRUE">Shape</attrlabl><attalias Sync="TRUE">Shape</attalias><attrtype Sync="TRUE">Geometry</attrtype><attwidth Sync="TRUE">0</attwidth><atprecis Sync="TRUE">0</atprecis><attscale Sync="TRUE">0</attscale><attrdef Sync="TRUE">Feature geometry.</attrdef><attrdefs Sync="TRUE">Esri</attrdefs><attrdomv><udom Sync="TRUE">Coordinates defining the features.</udom></attrdomv></attr><attr><attrlabl Sync="TRUE">STATEFP</attrlabl><attalias Sync="TRUE">STATEFP</attalias><attrtype Sync="TRUE">String</attrtype><attwidth Sync="TRUE">2</attwidth><atprecis Sync="TRUE">0</atprecis><attscale Sync="TRUE">0</attscale></attr><attr><attrlabl Sync="TRUE">COUNTYFP</attrlabl><attalias Sync="TRUE">COUNTYFP</attalias><attrtype Sync="TRUE">String</attrtype><attwidth Sync="TRUE">3</attwidth><atprecis Sync="TRUE">0</atprecis><attscale Sync="TRUE">0</attscale></attr><attr><attrlabl Sync="TRUE">TRACTCE</attrlabl><attalias Sync="TRUE">TRACTCE</attalias><attrtype Sync="TRUE">String</attrtype><attwidth Sync="TRUE">6</attwidth><atprecis Sync="TRUE">0</atprecis><attscale Sync="TRUE">0</attscale></attr><attr><attrlabl Sync="TRUE">GEOID</attrlabl><attalias Sync="TRUE">GEOID</attalias><attrtype Sync="TRUE">String</attrtype><attwidth Sync="TRUE">11</attwidth><atprecis Sync="TRUE">0</atprecis><attscale Sync="TRUE">0</attscale></attr><attr><attrlabl Sync="TRUE">NAME</attrlabl><attalias Sync="TRUE">NAME</attalias><attrtype Sync="TRUE">String</attrtype><attwidth Sync="TRUE">7</attwidth><atprecis Sync="TRUE">0</atprecis><attscale Sync="TRUE">0</attscale></attr><attr><attrlabl Sync="TRUE">NAMELSAD</attrlabl><attalias Sync="TRUE">NAMELSAD</attalias><attrtype Sync="TRUE">String</attrtype><attwidth Sync="TRUE">20</attwidth><atprecis Sync="TRUE">0</atprecis><attscale Sync="TRUE">0</attscale></attr><attr><attrlabl Sync="TRUE">MTFCC</attrlabl><attalias Sync="TRUE">MTFCC</attalias><attrtype Sync="TRUE">String</attrtype><attwidth Sync="TRUE">5</attwidth><atprecis Sync="TRUE">0</atprecis><attscale Sync="TRUE">0</attscale></attr><attr><attrlabl Sync="TRUE">FUNCSTAT</attrlabl><attalias Sync="TRUE">FUNCSTAT</attalias><attrtype Sync="TRUE">String</attrtype><attwidth Sync="TRUE">1</attwidth><atprecis Sync="TRUE">0</atprecis><attscale Sync="TRUE">0</attscale></attr><attr><attrlabl Sync="TRUE">ALAND</attrlabl><attalias Sync="TRUE">ALAND</attalias><attrtype Sync="TRUE">Double</attrtype><attwidth Sync="TRUE">19</attwidth><atprecis Sync="TRUE">0</atprecis><attscale Sync="TRUE">0</attscale></attr><attr><attrlabl Sync="TRUE">AWATER</attrlabl><attalias Sync="TRUE">AWATER</attalias><attrtype Sync="TRUE">Double</attrtype><attwidth Sync="TRUE">19</attwidth><atprecis Sync="TRUE">0</atprecis><attscale Sync="TRUE">0</attscale></attr><attr><attrlabl Sync="TRUE">INTPTLAT</attrlabl><attalias Sync="TRUE">INTPTLAT</attalias><attrtype Sync="TRUE">String</attrtype><attwidth Sync="TRUE">11</attwidth><atprecis Sync="TRUE">0</atprecis><attscale Sync="TRUE">0</attscale></attr><attr><attrlabl Sync="TRUE">INTPTLON</attrlabl><attalias Sync="TRUE">INTPTLON</attalias><attrtype Sync="TRUE">String</attrtype><attwidth Sync="TRUE">12</attwidth><atprecis Sync="TRUE">0</atprecis><attscale Sync="TRUE">0</attscale></attr><attr><attrlabl Sync="TRUE">P0010001</attrlabl><attalias Sync="TRUE">P0010001</attalias><attrtype Sync="TRUE">String</attrtype><attwidth Sync="TRUE">254</attwidth><atprecis Sync="TRUE">0</atprecis><attscale Sync="TRUE">0</attscale></attr><attr><attrlabl Sync="TRUE">SUMLEV</attrlabl><attalias Sync="TRUE">SUMLEV</attalias><attrtype Sync="TRUE">Integer</attrtype><attwidth Sync="TRUE">10</attwidth><atprecis Sync="TRUE">10</atprecis><attscale Sync="TRUE">0</attscale></attr><attr><attrlabl Sync="TRUE">P0010003</attrlabl><attalias Sync="TRUE">P0010003</attalias><attrtype Sync="TRUE">Double</attrtype><attwidth Sync="TRUE">19</attwidth><atprecis Sync="TRUE">0</atprecis><attscale Sync="TRUE">0</attscale></attr><attr><attrlabl Sync="TRUE">STATE</attrlabl><attalias Sync="TRUE">STATE</attalias><attrtype Sync="TRUE">Integer</attrtype><attwidth Sync="TRUE">10</attwidth><atprecis Sync="TRUE">10</atprecis><attscale Sync="TRUE">0</attscale></attr><attr><attrlabl Sync="TRUE">COUNTY</attrlabl><attalias Sync="TRUE">COUNTY</attalias><attrtype Sync="TRUE">Integer</attrtype><attwidth Sync="TRUE">10</attwidth><atprecis Sync="TRUE">10</atprecis><attscale Sync="TRUE">0</attscale></attr><attr><attrlabl Sync="TRUE">TRACT</attrlabl><attalias Sync="TRUE">TRACT</attalias><attrtype Sync="TRUE">Integer</attrtype><attwidth Sync="TRUE">10</attwidth><atprecis Sync="TRUE">10</atprecis><attscale Sync="TRUE">0</attscale></attr><attr><attrlabl Sync="TRUE">POP100</attrlabl><attalias Sync="TRUE">POP100</attalias><attrtype Sync="TRUE">Integer</attrtype><attwidth Sync="TRUE">10</attwidth><atprecis Sync="TRUE">10</atprecis><attscale Sync="TRUE">0</attscale></attr><attr><attrlabl Sync="TRUE">HU100</attrlabl><attalias Sync="TRUE">HU100</attalias><attrtype Sync="TRUE">Integer</attrtype><attwidth Sync="TRUE">10</attwidth><atprecis Sync="TRUE">10</atprecis><attscale Sync="TRUE">0</attscale></attr><attr><attrlabl Sync="TRUE">P0010002</attrlabl><attalias Sync="TRUE">P0010002</attalias><attrtype Sync="TRUE">Integer</attrtype><attwidth Sync="TRUE">10</attwidth><atprecis Sync="TRUE">10</atprecis><attscale Sync="TRUE">0</attscale></attr><attr><attrlabl Sync="TRUE">P0010004</attrlabl><attalias Sync="TRUE">P0010004</attalias><attrtype Sync="TRUE">Integer</attrtype><attwidth Sync="TRUE">10</attwidth><atprecis Sync="TRUE">10</atprecis><attscale Sync="TRUE">0</attscale></attr><attr><attrlabl Sync="TRUE">P0010005</attrlabl><attalias Sync="TRUE">P0010005</attalias><attrtype Sync="TRUE">Integer</attrtype><attwidth Sync="TRUE">10</attwidth><atprecis Sync="TRUE">10</atprecis><attscale Sync="TRUE">0</attscale></attr><attr><attrlabl Sync="TRUE">P0010006</attrlabl><attalias Sync="TRUE">P0010006</attalias><attrtype Sync="TRUE">Integer</attrtype><attwidth Sync="TRUE">10</attwidth><atprecis Sync="TRUE">10</atprecis><attscale Sync="TRUE">0</attscale></attr><attr><attrlabl Sync="TRUE">P0010007</attrlabl><attalias Sync="TRUE">P0010007</attalias><attrtype Sync="TRUE">Integer</attrtype><attwidth Sync="TRUE">10</attwidth><atprecis Sync="TRUE">10</atprecis><attscale Sync="TRUE">0</attscale></attr><attr><attrlabl Sync="TRUE">P0010008</attrlabl><attalias Sync="TRUE">P0010008</attalias><attrtype Sync="TRUE">Integer</attrtype><attwidth Sync="TRUE">10</attwidth><atprecis Sync="TRUE">10</atprecis><attscale Sync="TRUE">0</attscale></attr><attr><attrlabl Sync="TRUE">P0020002</attrlabl><attalias Sync="TRUE">P0020002</attalias><attrtype Sync="TRUE">Integer</attrtype><attwidth Sync="TRUE">10</attwidth><atprecis Sync="TRUE">10</atprecis><attscale Sync="TRUE">0</attscale></attr><attr><attrlabl Sync="TRUE">Shape_Leng</attrlabl><attalias Sync="TRUE">Shape_Leng</attalias><attrtype Sync="TRUE">Double</attrtype><attwidth Sync="TRUE">19</attwidth><atprecis Sync="TRUE">0</atprecis><attscale Sync="TRUE">0</attscale></attr><attr><attrlabl Sync="TRUE">Shape_Area</attrlabl><attalias Sync="TRUE">Shape_Area</attalias><attrtype Sync="TRUE">Double</attrtype><attwidth Sync="TRUE">19</attwidth><atprecis Sync="TRUE">0</atprecis><attscale Sync="TRUE">0</attscale><attrdef Sync="TRUE">Area of feature in internal units squared.</attrdef><attrdefs Sync="TRUE">Esri</attrdefs><attrdomv><udom Sync="TRUE">Positive real numbers that are automatically generated.</udom></attrdomv></attr><attr><attrlabl Sync="TRUE">Area</attrlabl><attalias Sync="TRUE">Area</attalias><attrtype Sync="TRUE">Double</attrtype><attwidth Sync="TRUE">19</attwidth><atprecis Sync="TRUE">0</atprecis><attscale Sync="TRUE">0</attscale></attr><attr><attrlabl Sync="TRUE">PopuDen</attrlabl><attalias Sync="TRUE">PopuDen</attalias><attrtype Sync="TRUE">Double</attrtype><attwidth Sync="TRUE">19</attwidth><atprecis Sync="TRUE">0</atprecis><attscale Sync="TRUE">0</attscale></attr></detailed></eainfo><mdDateSt Sync="TRUE">20220123</mdDateSt></metadata>
