"originid","destinationid","duration","distance"
1,1,19.42,19819.4
2,1,18.761666666666667,15874.2
3,1,20.346666666666668,16379.2
4,1,17.891666666666666,15043.4
5,1,18.173333333333336,14311
6,1,17.68166666666667,15103.4
7,1,17.956666666666667,13827.7
8,1,17,18532.8
9,1,17.61,18680
10,1,18.581666666666667,15411.4
11,1,18.026666666666664,15802.4
12,1,18.39333333333333,15700.9
13,1,15.46,13628.8
14,1,15.333333333333334,16195.5
15,1,16.188333333333333,17198.5
16,1,16.616666666666667,13818.7
17,1,16.335,14368.2
18,1,16.478333333333335,13682.4
19,1,15.175,12643.7
20,1,15.853333333333333,13726.2
21,1,14.486666666666668,13156.6
22,1,15.126666666666667,12335.6
23,1,14.453333333333335,12711
24,1,16.2,12674.2
25,1,16.961666666666666,13757.8
26,1,14.21,10939.5
27,1,14.315,11418.7
28,1,15.229999999999999,12687
29,1,14.503333333333334,12991.8
30,1,14.485000000000001,14717.2
31,1,13.08,11564.6
32,1,13.746666666666666,12390.8
33,1,14.19,11755.9
34,1,13.76,11079.7
35,1,12.791666666666666,11575.4
36,1,13.19,10043.4
37,1,12.701666666666666,9346.7
38,1,14.34,12051.9
39,1,13.568333333333333,10891.4
40,1,14.733333333333333,11276.8
41,1,12.881666666666666,9145.2
42,1,12.415,8615.3
43,1,11.978333333333333,11115.8
44,1,11.176666666666668,10518.7
45,1,12.203333333333335,11078
46,1,11.26,10332.3
47,1,10.629999999999999,9634.7
48,1,11.966666666666667,11127.6
49,1,11.391666666666667,10280.7
50,1,11.53,10177.2
51,1,11.295,8001.2
52,1,12.308333333333334,8891.8
53,1,9.958333333333334,6825
54,1,10.165,8450.7
55,1,11.661666666666667,8248.2
56,1,10.675,7103.8
57,1,11.305,10708.1
58,1,10.756666666666666,10639.6
59,1,9.871666666666666,9124
60,1,10.95,9887.7
61,1,10.911666666666667,9325.7
62,1,13.488333333333333,12813.9
63,1,13.343333333333334,12228.7
64,1,12.595,11536.1
65,1,10.873333333333333,10564.4
66,1,12.451666666666666,11293.7
67,1,11.708333333333334,10694.3
68,1,11.726666666666667,8247.6
69,1,11.388333333333332,7627.6
70,1,11.238333333333333,9174.8
71,1,5.155,3089.4
72,1,6.308333333333334,3652.2
73,1,9.381666666666666,6587.4
74,1,9.545,6088.4
75,1,9.618333333333334,7691.6
76,1,7.328333333333333,6867.9
77,1,16.12666666666667,14765.7
78,1,13.66,11951
79,1,13.733333333333333,11459.5
80,1,13.116666666666667,11548
81,1,25.426666666666666,21386.8
82,1,24.15666666666667,24676.4
83,1,22.295,24602.8
84,1,22.38,25484
85,1,23.491666666666667,26273
86,1,21.598333333333336,22917.4
87,1,22.011666666666667,22907.1
88,1,22.938333333333333,25644.9
89,1,22.666666666666668,23689.8
90,1,26.34333333333333,27356.4
91,1,29.451666666666664,29340.3
92,1,24.279999999999998,25263.3
93,1,30.91166666666667,31764.8
94,1,29.28166666666667,29101.4
95,1,28.291666666666668,28939.1
96,1,19.933333333333334,21930.8
97,1,20.955,22842.8
98,1,20.473333333333336,21537
99,1,21.07,17533
100,1,19.83,20936.6
101,1,19.995,15735.2
102,1,22.433333333333334,24131.2
103,1,21.59333333333333,16735.3
104,1,21.158333333333335,16789.5
105,1,19.673333333333336,16115.9
106,1,27.561666666666667,28467.1
107,1,20.321666666666665,16194
108,1,20.923333333333336,16345.6
109,1,21.935,18865.8
110,1,20.101666666666667,15197.2
111,1,20.821666666666665,16220
112,1,20.006666666666668,14704.4
113,1,19.19,14448.6
114,1,18.225,13765.6
115,1,16.4,12735.7
116,1,17.485,14339.3
117,1,18.78166666666667,15447
118,1,17.65666666666667,13821.3
119,1,17.346666666666668,13692.1
120,1,19.025,13721.9
121,1,19.83833333333333,15299.7
122,1,19.175,16368.5
123,1,19.71833333333333,16648.6
124,1,14.2,9945.9
125,1,15.766666666666667,10888
126,1,14.368333333333334,11146
127,1,15.948333333333332,12440.2
128,1,15.271666666666667,10458.9
129,1,16.798333333333332,13462.9
130,1,16.716666666666665,13759.7
131,1,15.370000000000001,12441.3
132,1,14.831666666666667,11645.8
133,1,16.188333333333333,12428.6
134,1,13.229999999999999,8943.9
135,1,13.123333333333333,9370.5
136,1,11.046666666666665,8316.5
137,1,13.338333333333333,9571.8
138,1,11.911666666666667,7744.5
139,1,13.215,10469.8
140,1,13.29,9124.6
141,1,11.715,7868.4
142,1,15.338333333333333,12322.4
143,1,15.881666666666666,11872.2
144,1,13.971666666666666,10973.9
145,1,12.836666666666668,10267.5
146,1,12.606666666666666,10151
147,1,4.173333333333334,1467.1
148,1,1.9983333333333335,679.2
149,1,8.625,4938.8
150,1,5.819999999999999,3216
151,1,9.826666666666666,5556.7
152,1,9.018333333333334,7348.6
153,1,9.821666666666665,6379.4
154,1,7.588333333333334,4667.5
155,1,9.715,6953.5
156,1,9.08,5981.2
157,1,6.821666666666667,4309.6
158,1,8.57,4941.4
159,1,8.639999999999999,5764.7
160,1,15.041666666666666,6419.2
161,1,8.011666666666667,5092.5
162,1,4.9816666666666665,2785.1
163,1,6.468333333333334,3222.6
164,1,4.056666666666667,2471.8
165,1,9.633333333333333,4482.4
166,1,12.696666666666665,10140.2
167,1,11.45,7770.8
168,1,12.57,8772.1
169,1,11.961666666666668,9085.4
170,1,13.033333333333333,10578.3
171,1,15.326666666666666,11559.8
172,1,13.715,9138.8
173,1,10.53,8580.9
174,1,10.073333333333332,7872.6
175,1,10.478333333333333,6024.6
176,1,9.601666666666667,6179.5
177,1,9.056666666666667,5814.1
178,1,8.253333333333334,5348.6
179,1,14.2,11249.6
180,1,13.496666666666666,12035
181,1,12.275,9401.5
182,1,10.965,8621.3
183,1,12.025,9722.8
184,1,13.016666666666667,9440.1
185,1,12.455,9481.4
186,1,12.108333333333333,8955.7
187,1,11.335,7718.8
188,1,11.675,7925.3
189,1,10.425,6972.7
190,1,9.013333333333332,5716.1
191,1,11.111666666666668,7967.5
192,1,14.956666666666667,11213.1
193,1,17.118333333333332,12317.1
194,1,19.80666666666667,16607.8
195,1,16.691666666666666,12173.3
196,1,6.755,3377.8
197,1,8.343333333333334,5584.7
198,1,9.166666666666666,5644.4
199,1,5.343333333333334,2580.7
200,1,4.725,2889.1
201,1,7.35,4565
202,1,9.936666666666667,6564.4
203,1,7.916666666666667,4335
204,1,6.59,3637.1
205,1,7.511666666666667,3986.6
206,1,9.073333333333332,6142.9
207,1,10.801666666666668,7575
208,1,14.351666666666667,10615.6
209,1,10.383333333333333,6808.1
210,1,14.3,11017.1
211,1,15.031666666666666,11121.9
212,1,14.94,10983.4
213,1,14.673333333333334,11768.9
214,1,19.488333333333333,14032.8
215,1,16.116666666666667,12114
216,1,14.411666666666667,10699.2
217,1,21.386666666666667,15782.6
218,1,27.43166666666667,19785.7
219,1,11.913333333333332,7441.1
220,1,12.055,10797.6
221,1,9.881666666666666,6697.8
222,1,8.43,5902.5
223,1,11.603333333333333,7309.7
224,1,14.216666666666667,8422.6
225,1,12.301666666666668,8655
226,1,11.175,8845.2
227,1,12.873333333333333,10508.1
228,1,29.043333333333333,29393.9
229,1,27.23166666666667,28380.2
230,1,25.10666666666667,27373.3
231,1,27.546666666666667,29453.1
232,1,25.103333333333335,27027.7
233,1,28.611666666666668,26478.5
234,1,31.553333333333335,32574.1
235,1,28.03166666666667,29299
236,1,28.17,30007.9
237,1,32.70166666666667,34130
238,1,30.166666666666668,31913.1
239,1,31.21833333333333,32898.9
240,1,28.228333333333335,30775.3
241,1,28.05,29741.6
242,1,30.176666666666666,31009
243,1,30.936666666666667,32012.6
244,1,27.34,24148.1
245,1,27.128333333333334,23414.6
246,1,39.38333333333333,32165.6
247,1,29.82,27542.5
248,1,31.575,28839.7
249,1,32.71333333333333,29486.1
250,1,27.493333333333332,25507.4
251,1,26.33833333333333,22428.1
252,1,26.941666666666666,22511.2
253,1,27.334999999999997,21208.2
254,1,27.646666666666665,28143.8
255,1,27.186666666666667,24419
256,1,32.76166666666667,29012.3
257,1,25.605,25230
258,1,25.290000000000003,22873.4
259,1,21.141666666666666,20282.7
260,1,20.721666666666668,20160.2
261,1,19.653333333333332,19401.9
262,1,17.021666666666665,16096.7
263,1,17.075,14475.2
264,1,15.615,13254.3
265,1,14.893333333333334,12317.4
266,1,16.805,14729.2
267,1,15.676666666666668,14538.1
268,1,15.34,12792
269,1,14.238333333333333,10842.3
270,1,15.938333333333333,11577.4
271,1,14.428333333333335,10652.7
272,1,15.305,11322.2
273,1,15.09,11193.2
274,1,12.22,9456.9
275,1,12.343333333333334,12062.6
276,1,15.07,13106.5
277,1,17.523333333333333,14857.2
278,1,15.003333333333334,13750.7
279,1,15.938333333333333,14094.6
280,1,20.165000000000003,16938.7
281,1,15.968333333333334,12093.8
282,1,20.921666666666667,14634.4
283,1,19.12,13741.1
284,1,17.56,12656
285,1,25.16,20192.9
286,1,17.798333333333336,17244.7
287,1,18.558333333333334,16972.5
288,1,16.326666666666668,12418.9
289,1,14.198333333333332,12952
290,1,45.291666666666664,45016.5
291,1,37.31333333333334,39134.3
292,1,35.33166666666667,37541.5
293,1,40.483333333333334,38078.2
294,1,38.405,38895.7
295,1,39.123333333333335,44847.2
296,1,37.486666666666665,39373
297,1,38.64666666666667,40938
298,1,45.169999999999995,44357.1
299,1,36.25,37353.8
300,1,35.486666666666665,37501.3
301,1,32.67,34919
302,1,44.559999999999995,42252.1
303,1,51.901666666666664,43457.5
304,1,39.776666666666664,36350.4
305,1,44.4,37590.9
306,1,13.171666666666665,11004.9
307,1,14.783333333333333,11603.1
308,1,15.123333333333333,10510.3
309,1,14.161666666666667,9371.5
310,1,12.701666666666666,8983.2
311,1,13.491666666666667,8664.4
312,1,9.063333333333333,5955
313,1,8.476666666666667,5163.2
314,1,9.136666666666667,5975.2
315,1,7.3133333333333335,4932.3
316,1,14.961666666666668,15351.7
317,1,15.04,14821.7
318,1,13.135,13194
319,1,11.153333333333334,10894.6
320,1,13.053333333333335,12770.2
321,1,11.266666666666667,11609
322,1,12.06,12215.1
323,1,13.336666666666668,13370.8
324,1,21.85,22888.4
1,2,10.148333333333333,7857.3
2,2,9.478333333333333,7501.6
3,2,10.381666666666666,7014.5
4,2,8.608333333333333,6670.8
5,2,10.416666666666666,7725.3
6,2,8.398333333333333,6730.8
7,2,9.370000000000001,6812.6
8,2,7.691666666666666,5522.8
9,2,8.338333333333333,6717.9
10,2,8.766666666666667,6241.8
11,2,7.895,5602.7
12,2,8.261666666666667,5501.2
13,2,5.328333333333333,3429.1
14,2,5.89,3986.6
15,2,6.716666666666667,4837.3
16,2,7.333333333333333,5446.1
17,2,6.203333333333333,4168.5
18,2,6.556666666666667,4619.4
19,2,5.891666666666667,4271.1
20,2,5.721666666666667,3526.5
21,2,4.355,2957
22,2,5.3566666666666665,3283
23,2,4.321666666666667,2511.4
24,2,7.655,5809.7
25,2,7.678333333333333,5385.2
26,2,7.008333333333334,5202.1
27,2,5.77,4554.2
28,2,5.946666666666667,4314.4
29,2,4.371666666666667,2792.1
30,2,4.338333333333334,2333.5
31,2,2.9483333333333333,1364.9
32,2,3.615,2191.1
33,2,4.208333333333333,2711.3
34,2,3.743333333333333,1815.7
35,2,2.6599999999999997,1375.8
36,2,7.3133333333333335,6225.3
37,2,6.7,5528.6
38,2,5.056666666666667,3679.3
39,2,4.285,2518.8
40,2,6.069999999999999,4394.6
41,2,4.941666666666666,3266.2
42,2,5.838333333333334,4137.8
43,2,1.8266666666666667,952.7
44,2,2.03,1213.4
45,2,3.54,2130.1
46,2,2.5966666666666667,1384.4
47,2,3.7933333333333334,2645.9
48,2,1.7033333333333334,872.1
49,2,1.6566666666666667,644.3
50,2,3.2550000000000003,1939.3
51,2,5.114999999999999,3927.4
52,2,3.7383333333333337,2461.8
53,2,7.206666666666666,5066.7
54,2,4.743333333333334,3473.6
55,2,8.646666666666667,6876.3
56,2,8.143333333333334,6093.9
57,2,4.971666666666667,3195.6
58,2,5.6883333333333335,3789.8
59,2,2.8916666666666666,2116.4
60,2,3.9699999999999998,2880.1
61,2,4.961666666666667,3101.6
62,2,8.383333333333333,6218.4
63,2,8.983333333333333,6445.3
64,2,8.705,7139.1
65,2,6.983333333333333,6167.4
66,2,7.741666666666666,5763.2
67,2,6.926666666666667,5189.6
68,2,7.533333333333333,5453.4
69,2,7.180000000000001,4681.4
70,2,6.85,4786.1
71,2,11.025,10775.7
72,2,9.996666666666666,7888.8
73,2,7.058333333333334,5320
74,2,9.360000000000001,6805.8
75,2,4.66,3197.7
76,2,6.203333333333333,5309.9
77,2,11.021666666666667,8170.3
78,2,9.770000000000001,7554
79,2,9.345,7070.9
80,2,9.226666666666667,7151.1
81,2,16.154999999999998,9424.7
82,2,17.325,15564.5
83,2,13.023333333333333,12640.7
84,2,13.108333333333333,13522
85,2,14.22,14310.9
86,2,12.301666666666668,10354.7
87,2,12.715,10344.4
88,2,13.666666666666666,13682.8
89,2,13.395000000000001,11727.7
90,2,16.33833333333333,12937.3
91,2,19.506666666666668,14921.2
92,2,14.335,10844.3
93,2,20.90666666666667,17345.8
94,2,19.336666666666666,14682.4
95,2,18.28666666666667,14520.1
96,2,10.661666666666667,9968.7
97,2,11.683333333333334,10880.7
98,2,11.176666666666668,8974.4
99,2,11.873333333333333,9583.1
100,2,10.533333333333333,8374
101,2,12.208333333333334,9204.7
102,2,12.488333333333333,9712.2
103,2,13.293333333333333,9897.3
104,2,11.163333333333332,8171.4
105,2,10.504999999999999,8316.7
106,2,17.616666666666667,14048.1
107,2,13.981666666666666,11203.1
108,2,13.235000000000001,9859.2
109,2,15.041666666666666,11496
110,2,12.9,9459.8
111,2,13.133333333333333,9733.6
112,2,12.805,8967
113,2,11.988333333333333,8711.2
114,2,11.023333333333333,8028.2
115,2,9.198333333333332,6998.3
116,2,14.063333333333333,11547.8
117,2,12.398333333333333,10456
118,2,11.471666666666666,9324
119,2,10.145000000000001,7954.7
120,2,13.705,10409.6
121,2,16.470000000000002,13741
122,2,14.585,12749.6
123,2,15.128333333333334,13029.6
124,2,10.056666666666667,8689.5
125,2,10.889999999999999,8828
126,2,9.048333333333334,7833.8
127,2,12.168333333333333,9869.7
128,2,11.128333333333334,9202.6
129,2,13.341666666666667,11904.3
130,2,13.348333333333333,12201.1
131,2,12.001666666666667,10882.7
132,2,11.463333333333333,10087.2
133,2,12.731666666666666,10869.9
134,2,9.915,8176
135,2,7.915,6659.8
136,2,8.555,7242.9
137,2,10.846666666666666,8498.2
138,2,11.758333333333333,9052.4
139,2,11.246666666666666,10037.8
140,2,10.311666666666667,8804.3
141,2,11.586666666666668,10038
142,2,14.663333333333332,13147.3
143,2,14.216666666666667,11325.1
144,2,11.563333333333333,10364.9
145,2,12.565,10996
146,2,14.41,12379.1
147,2,10.275,9683.5
148,2,10.921666666666665,10160.8
149,2,12.923333333333334,9610
150,2,10.221666666666666,9535.7
151,2,11.69,7774.9
152,2,6.966666666666667,4722
153,2,9.963333333333333,7385.5
154,2,9.198333333333332,7109.3
155,2,6.180000000000001,4642.6
156,2,9.221666666666666,6987.3
157,2,12.948333333333332,10632.8
158,2,13.291666666666666,9989.9
159,2,11.038333333333332,9479
160,2,17.111666666666668,9395.1
161,2,9.123333333333333,6953.1
162,2,11.768333333333334,12062.2
163,2,13.254999999999999,12499.8
164,2,10.218333333333334,11772.8
165,2,15.803333333333335,12758.6
166,2,15.966666666666667,15330.2
167,2,15.298333333333334,14835.2
168,2,17.021666666666665,14660.7
169,2,15.231666666666666,14275.4
170,2,16.303333333333335,15768.3
171,2,18.596666666666668,16749.8
172,2,18.166666666666668,15027.4
173,2,13.8,13770.9
174,2,13.343333333333334,13062.6
175,2,14.353333333333333,11050.2
176,2,11.703333333333335,9918.4
177,2,13.746666666666666,12399.5
178,2,12.705,11237.1
179,2,16.003333333333334,13477.6
180,2,16.118333333333332,14497.5
181,2,14.518333333333334,12493.2
182,2,13.6,11366.9
183,2,13.828333333333335,11950.8
184,2,17.46833333333333,15328.7
185,2,17.946666666666665,16263.3
186,2,17.6,15737.6
187,2,15.786666666666667,13607.4
188,2,17.166666666666668,14707.2
189,2,16.255,16762
190,2,14.843333333333334,15505.4
191,2,17.056666666666665,17736.8
192,2,12.298333333333334,9657.5
193,2,13.056666666666667,8254
194,2,14.701666666666666,10012.4
195,2,12.629999999999999,8110.2
196,2,14.286666666666667,12817.4
197,2,14.213333333333333,13271
198,2,15.036666666666667,13330.7
199,2,13.24,11820.6
200,2,10.595,10575.4
201,2,14.795,15700.7
202,2,16.83,16988.7
203,2,16.115,14243.9
204,2,14.671666666666665,13546.1
205,2,15.593333333333334,13895.5
206,2,14.903333333333334,15932.1
207,2,16.631666666666668,17364.2
208,2,19.84333333333333,17397.5
209,2,16.113333333333333,16109.1
210,2,19.506666666666668,20314.3
211,2,12.373333333333333,9566.4
212,2,11.17,7706.5
213,2,10.285,7380.3
214,2,15.951666666666666,11821.2
215,2,13.458333333333334,10558.4
216,2,11.753333333333334,9143.6
217,2,24.408333333333335,19376.9
218,2,31.529999999999998,25319.2
219,2,20.111666666666668,17350.1
220,2,17.261666666666667,20094.9
221,2,16.555,13988.1
222,2,16.015,14038.2
223,2,18.01833333333333,14762.7
224,2,18.896666666666665,16011.7
225,2,18.208333333333332,14979
226,2,15.746666666666666,13689.8
227,2,13.993333333333334,12026.9
228,2,19.038333333333334,14974.8
229,2,17.959999999999997,16418.1
230,2,15.835,15411.2
231,2,17.595000000000002,14515.1
232,2,15.098333333333333,12608.7
233,2,19.34,14516.4
234,2,22.28166666666667,20612
235,2,18.759999999999998,17336.9
236,2,18.898333333333333,18045.8
237,2,23.43,22167.9
238,2,20.895,19951
239,2,21.501666666666665,18590.5
240,2,18.956666666666667,18813.2
241,2,18.778333333333332,17779.5
242,2,20.904999999999998,19046.9
243,2,20.93166666666667,17593.5
244,2,18.201666666666664,15825.4
245,2,20.788333333333334,18423.7
246,2,33.04333333333333,27174.7
247,2,22.65,20489.3
248,2,25.235,23848.8
249,2,26.373333333333335,24495.1
250,2,21.153333333333332,20516.5
251,2,19.998333333333335,17437.2
252,2,20.12,16611.1
253,2,22.745,17589.2
254,2,23.653333333333332,22362.8
255,2,23.19333333333333,18638
256,2,28.721666666666668,23026.3
257,2,21.611666666666668,19449
258,2,23.871666666666666,19292
259,2,19.723333333333336,16701.3
260,2,18.384999999999998,15691.6
261,2,18.746666666666666,18112.5
262,2,16.07,15180.4
263,2,15.19,14075.1
264,2,14.445,12963.4
265,2,13.741666666666667,12590.6
266,2,19.31,17037.2
267,2,17.59,16091.4
268,2,18.61,17982
269,2,19.73,17624.2
270,2,20.39,17466
271,2,18.88,16541.3
272,2,19.756666666666668,17210.8
273,2,20.581666666666667,17975.1
274,2,17.711666666666666,16238.9
275,2,17.55,21359.8
276,2,18.34,18296.5
277,2,20.793333333333333,20047.2
278,2,18.273333333333333,18940.8
279,2,19.208333333333332,19284.7
280,2,23.435,22128.7
281,2,21.459999999999997,18875.8
282,2,25.813333333333333,20424.9
283,2,23.571666666666665,19629.7
284,2,22.011666666666667,18544.5
285,2,30.366666666666667,29490.1
286,2,23.005,26541.9
287,2,23.765,26269.7
288,2,21.81833333333333,19200.8
289,2,19.404999999999998,22249.2
290,2,36.019999999999996,33054.4
291,2,28.041666666666668,27172.2
292,2,26.06,25579.5
293,2,31.211666666666666,26116.1
294,2,29.133333333333333,26933.7
295,2,29.851666666666667,32885.1
296,2,28.215,27410.9
297,2,29.375,28975.9
298,2,35.89833333333333,32395
299,2,26.978333333333335,25391.7
300,2,26.215,25539.2
301,2,23.398333333333333,22956.9
302,2,38.22,37261.2
303,2,43.291666666666664,39018
304,2,33.43666666666667,31359.5
305,2,38.059999999999995,32600
306,2,8.783333333333333,6616.2
307,2,10.395000000000001,7214.4
308,2,11.585,7960
309,2,12.548333333333334,8378.9
310,2,11.358333333333333,7908.9
311,2,14.805,10625.4
312,2,13.206666666666667,10603.5
313,2,12.620000000000001,9811.7
314,2,14.379999999999999,10908.4
315,2,13.183333333333334,12618.6
316,2,5.586666666666667,3305.7
317,2,7.795,5566.9
318,2,5.868333333333334,3811.9
319,2,6.675,4762.3
320,2,6.333333333333333,4405.4
321,2,4.278333333333333,2906.8
322,2,3.485,2359.2
323,2,3.7066666666666666,2334.8
324,2,12.578333333333335,10926.3
1,3,19.766666666666666,18902.6
2,3,20.455,20263.5
3,3,22.19,21164
4,3,21.553333333333335,21057.3
5,3,22.015,21644.1
6,3,22.45,22039.8
7,3,23.395,22857.1
8,3,19.868333333333332,20612.4
9,3,19.805,19405.7
10,3,21.93166666666667,22034.8
11,3,21.06,21395.7
12,3,21.709999999999997,21811.6
13,3,22.211666666666666,23232.5
14,3,21.435,22624.6
15,3,20.426666666666666,21247.1
16,3,23.293333333333333,23082.1
17,3,22.008333333333333,22438.1
18,3,23.75,23259.6
19,3,24.453333333333333,23664.8
20,3,24.408333333333335,23816.6
21,3,23.041666666666668,23247.1
22,3,25.221666666666668,24938.8
23,3,24.208333333333332,24619.7
24,3,24.543333333333333,23636.6
25,3,23.616666666666667,22635.1
26,3,25.496666666666666,24941.9
27,3,25.203333333333333,24485.8
28,3,24.608333333333334,23708.1
29,3,22.55666666666667,23471
30,3,22.866666666666667,24160.9
31,3,23.776666666666664,24753.1
32,3,23.39,24619.2
33,3,25.35666666666667,25671.9
34,3,26.011666666666667,25966.1
35,3,24.876666666666665,25150.5
36,3,26.176666666666666,25743.8
37,3,27.83833333333333,27118.9
38,3,25.073333333333334,25879.3
39,3,27.716666666666665,27175.4
40,3,26.836666666666666,27162.3
41,3,29.401666666666664,29236
42,3,28.59333333333333,27519
43,3,23.871666666666666,25163.2
44,3,24.35666666666667,25710.5
45,3,24.783333333333335,25811.3
46,3,25.426666666666666,26431.5
47,3,27.46833333333333,28325.6
48,3,26.10666666666667,27040.8
49,3,25.793333333333333,26701.3
50,3,26.93,27619.1
51,3,29.509999999999998,28652.2
52,3,28.198333333333334,28431.6
53,3,30.7,29620
54,3,28.715,29424.2
55,3,30.465,29809.9
56,3,31.538333333333334,29898.8
57,3,25.970000000000002,28149.8
58,3,25.6,27872.1
59,3,26.435,27227
60,3,26.133333333333333,26446.1
61,3,27.41,27567.1
62,3,28.15,29711.9
63,3,28.138333333333332,29666.2
64,3,28.586666666666666,29793.6
65,3,26.89333333333333,29598.7
66,3,26.896666666666665,28984.1
67,3,26.081666666666667,28410.5
68,3,30.59,32572.2
69,3,30.111666666666668,31800.2
70,3,28.811666666666667,30433.6
71,3,33.52166666666667,38161.3
72,3,32.928333333333335,35007.7
73,3,29.990000000000002,32438.8
74,3,32.291666666666664,33924.6
75,3,28.334999999999997,28877.5
76,3,28.7,32695.5
77,3,30.788333333333334,31663.8
78,3,29.28166666666667,30093.8
79,3,30.34,31523
80,3,29.136666666666667,30582.4
81,3,27.36,21934.3
82,3,24.505,23573.6
83,3,14.113333333333333,13954.2
84,3,16.013333333333332,15953.7
85,3,14.983333333333333,14542.7
86,3,15.581666666666667,15593.5
87,3,15.851666666666667,15704.5
88,3,15.475,15870.4
89,3,16.893333333333334,15811.3
90,3,15.993333333333334,15064.3
91,3,19.15,17368.3
92,3,20.938333333333333,20516.1
93,3,12.863333333333333,11380.6
94,3,20.883333333333333,18256.2
95,3,15.628333333333334,14364.6
96,3,17.509999999999998,17397.6
97,3,16.651666666666667,16651.5
98,3,16.62666666666667,16727.7
99,3,19.618333333333332,19571.3
100,3,17.316666666666666,17329.1
101,3,22.075,21088.6
102,3,19.091666666666665,19384
103,3,20.45,20152.9
104,3,19.108333333333334,19120.3
105,3,20.21333333333333,20299.2
106,3,23.478333333333335,20396.9
107,3,25.305,26304.5
108,3,22.38,22173.3
109,3,22.076666666666664,21940.9
110,3,23.308333333333334,23373.5
111,3,23.868333333333332,22750.7
112,3,25.613333333333333,24621.3
113,3,22.823333333333334,22207.7
114,3,25.021666666666665,23972.6
115,3,26.791666666666668,25077.6
116,3,28.566666666666666,28600.9
117,3,27.363333333333333,29639.6
118,3,26.436666666666667,28507.6
119,3,26.435,28440.2
120,3,30.216666666666665,30393.7
121,3,28.790000000000003,28074.5
122,3,26.09333333333333,26244.2
123,3,27.313333333333333,27152.5
124,3,30.46833333333333,31025.3
125,3,28.455,29987.9
126,3,27.513333333333332,29808
127,3,30.863333333333333,31382.3
128,3,31.41166666666667,31246
129,3,31.683333333333334,32350.7
130,3,30.646666666666665,30953.4
131,3,29.848333333333336,30204.5
132,3,30.875,31099.6
133,3,32.07833333333333,32694.4
134,3,30.995,32344.8
135,3,28.898333333333333,30941.3
136,3,29.448333333333334,29150.1
137,3,31.740000000000002,30405.4
138,3,32.651666666666664,30959.5
139,3,31.46833333333333,31837.1
140,3,31.391666666666666,32973.1
141,3,32.666666666666664,34206.9
142,3,32.66166666666667,33083.1
143,3,34.17833333333333,33228.2
144,3,31.836666666666666,31915
145,3,32.78666666666667,32795.3
146,3,33.77166666666667,34127
147,3,32.77166666666667,37069.1
148,3,33.41833333333333,37546.4
149,3,35.141666666666666,33387.7
150,3,32.718333333333334,36921.3
151,3,34.62166666666667,34893.7
152,3,29.91,32919.3
153,3,33.663333333333334,31791.2
154,3,32.89833333333333,31515
155,3,30.151666666666664,30593.1
156,3,32.92166666666667,31393.1
157,3,33.998333333333335,33618.2
158,3,34.22,33330.6
159,3,31.93166666666667,31386.2
160,3,39.96,33816.2
161,3,32.82333333333334,31358.9
162,3,34.265,39447.8
163,3,35.751666666666665,39885.4
164,3,32.715,39158.4
165,3,36.69666666666667,34665.8
166,3,36.848333333333336,36656
167,3,36.40333333333333,35756.5
168,3,37.915,36567.8
169,3,36.336666666666666,35196.8
170,3,34.62166666666667,34826.4
171,3,38.556666666666665,36687.6
172,3,39.059999999999995,36934.6
173,3,34.905,34692.3
174,3,34.44833333333334,33984
175,3,35.24666666666667,32957.4
176,3,32.596666666666664,31825.6
177,3,34.64,34306.7
178,3,33.598333333333336,33144.3
179,3,33.656666666666666,33609.8
180,3,32.31666666666667,32787.6
181,3,34.39833333333333,34624.9
182,3,34.49333333333333,33274.1
183,3,34.20666666666667,34536.7
184,3,37.39,37774.5
185,3,38.84,38170.5
186,3,38.49333333333333,37644.7
187,3,36.68,35514.5
188,3,38.059999999999995,36614.4
189,3,38.751666666666665,44147.6
190,3,37.34,42891
191,3,39.55333333333333,45122.4
192,3,34.736666666666665,34827.2
193,3,34.43833333333334,33725
194,3,34.468333333333334,33505.9
195,3,34.01166666666667,33581.1
196,3,36.78333333333333,40203
197,3,36.71,40656.6
198,3,37.53333333333333,40716.3
199,3,35.736666666666665,39206.2
200,3,33.09166666666667,37961
201,3,37.291666666666664,43086.3
202,3,39.32666666666667,44374.3
203,3,38.611666666666665,41629.6
204,3,37.16833333333333,40931.7
205,3,38.09,41281.1
206,3,37.4,43317.7
207,3,39.12833333333333,44749.8
208,3,40.736666666666665,39304.6
209,3,38.184999999999995,37366.9
210,3,42.00333333333333,47699.9
211,3,34.16166666666666,34172.1
212,3,33.32,33260.7
213,3,32.266666666666666,32593.7
214,3,35.718333333333334,35314.7
215,3,34.61,35575
216,3,34.04833333333333,34313.3
217,3,44.175,42870.4
218,3,53.825,50488.9
219,3,42.608333333333334,44735.7
220,3,39.75833333333333,47480.5
221,3,39.41166666666666,42818.1
222,3,38.87166666666667,42868.2
223,3,40.77333333333333,43576.5
224,3,41.19166666666667,41181.4
225,3,40.96666666666667,40720.4
226,3,38.041666666666664,38859.5
227,3,36.288333333333334,37196.6
228,3,17.195,15926.1
229,3,13.366666666666667,11857.4
230,3,13.115,12691.4
231,3,15.555,14771.2
232,3,14.083333333333334,14399.7
233,3,19.246666666666666,14628.4
234,3,12.331666666666667,8632.4
235,3,12.365,10884.5
236,3,18.766666666666666,16406.4
237,3,7.54,4850.5
238,3,10.051666666666668,7925.4
239,3,11.666666666666666,10165.7
240,3,9.975,9444.2
241,3,12.503333333333334,11327.1
242,3,12.391666666666667,11057.1
243,3,13.243333333333334,11791.6
244,3,19.666666666666668,19325.5
245,3,20.951666666666664,20829.4
246,3,16.235,11510.3
247,3,17.56833333333333,18765.3
248,3,16.598333333333333,16995.2
249,3,19.84333333333333,19788.4
250,3,15.726666666666667,17123.3
251,3,21.154999999999998,20758.7
252,3,21.816666666666666,22163.9
253,3,26.751666666666665,24572
254,3,21.37,22477.7
255,3,29.178333333333335,26373.4
256,3,27.705,24421.4
257,3,26.426666666666666,26620.5
258,3,30.596666666666668,28407.4
259,3,26.448333333333334,25816.8
260,3,25.923333333333336,25665.2
261,3,26.933333333333334,27534.6
262,3,29.48,30215
263,3,29.25,29841.1
264,3,30.951666666666664,31371
265,3,31.740000000000002,32526.3
266,3,32.559999999999995,32071.8
267,3,30.84,31126
268,3,32.98166666666667,32138.5
269,3,38.245,38173.9
270,3,36.79833333333333,36618.2
271,3,35.958333333333336,36152.3
272,3,35.55166666666666,35820.1
273,3,41.475,39882.3
274,3,38.605000000000004,38146
275,3,40.04666666666667,48745.4
276,3,33.72833333333333,33638.7
277,3,35.92833333333333,35228.1
278,3,32.87166666666666,33144.8
279,3,34.236666666666665,34465.5
280,3,38.57,37309.6
281,3,41.65833333333333,40714.6
282,3,42.35333333333333,39577.2
283,3,40.111666666666665,38781.9
284,3,38.55166666666666,37696.8
285,3,52.86333333333334,56875.7
286,3,44.78333333333333,43873.9
287,3,46.26166666666666,53655.3
288,3,42.016666666666666,41039.7
289,3,41.901666666666664,49634.8
290,3,14.096666666666666,9880.9
291,3,6.118333333333334,3998.7
292,3,3.143333333333333,1680.4
293,3,24.996666666666666,18937.4
294,3,12.506666666666666,9468.2
295,3,15.006666666666666,13559.2
296,3,6.166666666666667,4237.4
297,3,7.451666666666667,5802.5
298,3,13.975,9221.6
299,3,11.273333333333333,8634
300,3,4.571666666666667,3565.9
301,3,6.016666666666667,4208.2
302,3,26.03166666666667,27008.7
303,3,22.461666666666666,19292.1
304,3,13.71,11240.2
305,3,18.771666666666665,14601.9
306,3,31.831666666666667,32616.6
307,3,33.443333333333335,33214.9
308,3,34.63333333333333,33960.5
309,3,35.480000000000004,35497.7
310,3,34.29,35027.7
311,3,37.736666666666665,37744.2
312,3,36.138333333333335,37722.3
313,3,35.55166666666666,36930.5
314,3,37.31166666666666,38027.2
315,3,35.68,40004.2
316,3,22.84,23628.7
317,3,24.011666666666667,24575.5
318,3,24.61,26391.6
319,3,25.83,27983.1
320,3,26.1,27898.9
321,3,24.95,27001.1
322,3,24.626666666666665,25945.4
323,3,23.535,25114.5
324,3,18.246666666666666,16770
1,4,25.85666666666667,21868.3
2,4,21.861666666666668,19968.8
3,4,23.625,20412
4,4,21.368333333333332,19076.6
5,4,20.073333333333334,18057.2
6,4,19.613333333333333,17896.1
7,4,19.85666666666667,17573.9
8,4,22.81,20407.5
9,4,24.19,21287.6
10,4,21.93166666666667,19444.6
11,4,21.92,19596.4
12,4,22.4,19615.1
13,4,22.435,19703.6
14,4,23.201666666666664,20412.6
15,4,23.228333333333335,20648.3
16,4,21.133333333333333,18624.8
17,4,22.084999999999997,19639.6
18,4,20.87,18488.5
19,4,20.511666666666667,17849.9
20,4,22.60666666666667,19155.6
21,4,21.836666666666666,19197
22,4,21.303333333333335,18173.4
23,4,22.368333333333332,18816.9
24,4,19.240000000000002,17032.7
25,4,20.709999999999997,17998.5
26,4,18.301666666666666,15720.1
27,4,18.935,16663.6
28,4,20.566666666666666,17893.2
29,4,22.648333333333333,21127.9
30,4,22.63,22853.3
31,4,21.225,19700.7
32,4,21.891666666666666,20526.9
33,4,20.701666666666664,18274.3
34,4,20.271666666666665,17598.1
35,4,20.936666666666667,19711.6
36,4,16.801666666666666,14700.3
37,4,15.858333333333333,13714.9
38,4,19.461666666666666,16850.1
39,4,19.68166666666667,16614.7
40,4,19.353333333333335,16521.7
41,4,17.581666666666667,15048.6
42,4,17.198333333333334,14503.1
43,4,20.123333333333335,19251.9
44,4,19.321666666666665,18654.9
45,4,20.348333333333336,19214.1
46,4,19.404999999999998,18468.4
47,4,18.775,17770.9
48,4,19.355,17205.6
49,4,19.53666666666667,18416.8
50,4,19.278333333333332,15921.3
51,4,16.83,13831.4
52,4,18.258333333333333,15179.3
53,4,15.908333333333333,13112.4
54,4,16.64,14218.1
55,4,14.261666666666667,11642.6
56,4,16.231666666666666,12312.9
57,4,19.45,18844.2
58,4,18.901666666666664,18775.7
59,4,18.016666666666666,17260.1
60,4,19.095000000000002,18023.8
61,4,19.05666666666667,17461.9
62,4,21.633333333333333,20950
63,4,21.488333333333333,20364.9
64,4,20.740000000000002,19672.2
65,4,19.01833333333333,18700.5
66,4,20.596666666666668,19429.9
67,4,19.853333333333335,18830.4
68,4,20.066666666666666,17978.2
69,4,19.71333333333333,17206.2
70,4,19.383333333333333,17310.9
71,4,17.048333333333332,14277.1
72,4,18.201666666666664,14839.9
73,4,18.278333333333332,16193.9
74,4,20.720000000000002,17679.7
75,4,17.763333333333332,15827.8
76,4,15.473333333333333,15004
77,4,24.271666666666665,22901.9
78,4,21.805,20087.2
79,4,21.878333333333334,19595.7
80,4,21.261666666666667,19684.2
81,4,32.00666666666667,23994.4
82,4,30.848333333333336,28527.6
83,4,27.866666666666667,25495.4
84,4,27.19333333333333,25804.5
85,4,29.063333333333333,27165.6
86,4,26.045,24707
87,4,26.458333333333332,24696.7
88,4,28.311666666666667,27161.9
89,4,27.926666666666666,24571.3
90,4,28.73,25921.7
91,4,29.845000000000002,24767
92,4,26.598333333333336,22480.1
93,4,33.29833333333333,30330.1
94,4,29.675,24528.2
95,4,30.678333333333335,27504.4
96,4,25.053333333333335,22740.7
97,4,26.021666666666665,24426
98,4,24.92,23326.7
99,4,22.970000000000002,21279.2
100,4,24.276666666666664,22726.3
101,4,21.895,19481.4
102,4,24.88,22696.5
103,4,23.493333333333332,20481.5
104,4,23.058333333333334,20535.7
105,4,21.573333333333334,19862.1
106,4,26.498333333333335,22223.5
107,4,22.138333333333332,17567.6
108,4,22.823333333333334,20091.8
109,4,23.751666666666665,20239.4
110,4,22.19333333333333,18394.3
111,4,22.721666666666668,19966.3
112,4,22.098333333333336,17901.5
113,4,21.09,18194.8
114,4,20.125,17511.8
115,4,18.491666666666667,15932.8
116,4,15.646666666666667,12130.6
117,4,18.02,14728.2
118,4,18.273333333333333,14345.4
119,4,19.438333333333333,16889.2
120,4,18.17,12776.4
121,4,18,13091
122,4,15.353333333333333,11819.5
123,4,16.573333333333334,12727.8
124,4,14.303333333333335,10774.8
125,4,15.870000000000001,11716.9
126,4,16.225,12865.9
127,4,14.110000000000001,10231.5
128,4,14.043333333333333,9975.6
129,4,11.136666666666667,7337.7
130,4,12.621666666666666,8907.2
131,4,13.531666666666666,10232.7
132,4,12.18,8512.4
133,4,11.531666666666666,7681.4
134,4,13.995000000000001,10111.3
135,4,15,11972.9
136,4,12.923333333333334,10918.9
137,4,15.196666666666665,10697.8
138,4,12.676666666666668,8911.9
139,4,12.520000000000001,8958.7
140,4,13.925,9531.5
141,4,11.061666666666667,7796.8
142,4,11.296666666666665,6150.7
143,4,11.915,6294.6
144,4,11.875,8415.8
145,4,11.873333333333333,6762.8
146,4,10.955,6056.6
147,4,16.298333333333332,13185
148,4,16.945,13662.2
149,4,14.483333333333333,11090.5
150,4,14.488333333333333,11683.5
151,4,21.720000000000002,16744.4
152,4,16.925,14356.1
153,4,16.448333333333334,13296.3
154,4,14.215,11584.4
155,4,15.665,13241
156,4,15.706666666666667,12898.1
157,4,13.441666666666666,11106.2
158,4,13.663333333333332,10818.6
159,4,12.723333333333333,10236.2
160,4,20.751666666666665,12666.3
161,4,14.638333333333332,12009.4
162,4,14.3,11718.6
163,4,15.743333333333334,12172.9
164,4,16.423333333333332,13950
165,4,16.14,12153.8
166,4,11.433333333333334,6779.9
167,4,12.123333333333333,8526.1
168,4,12.68,7991.9
169,4,11.961666666666668,7933.2
170,4,9.206666666666667,4950.2
171,4,12.085,5601.4
172,4,13.825,8358.6
173,4,10.625,7461.9
174,4,10.168333333333333,6753.5
175,4,12.57,7836.4
176,4,11.493333333333334,8279.9
177,4,13.591666666666667,9638.3
178,4,13.041666666666666,10632.3
179,4,10.84,5539.4
180,4,7.98,3985.7
181,4,11.58,7890.5
182,4,10.270000000000001,7110.2
183,4,11.33,8211.7
184,4,10.918333333333333,6688.3
185,4,12.955,8223.2
186,4,13.658333333333333,8774.1
187,4,13.129999999999999,8214.5
188,4,15.591666666666667,9243.7
189,4,20.538333333333334,16174.8
190,4,19.126666666666665,14918.2
191,4,21.34,17149.6
192,4,23.51833333333333,20531.5
193,4,25.59,20778.8
194,4,27.951666666666664,24744
195,4,25.163333333333334,20635
196,4,20.31,16318.9
197,4,20.236666666666668,16772.4
198,4,21.06,16832.1
199,4,19.171666666666667,15215.3
200,4,16.618333333333332,14076.8
201,4,19.078333333333333,15113.5
202,4,21.113333333333333,16401.5
203,4,21.745,16969.7
204,4,20.418333333333333,16271.8
205,4,20.851666666666667,16048.2
206,4,19.186666666666667,15344.9
207,4,19.451666666666664,13989.5
208,4,19.351666666666667,14721.1
209,4,16.8,12783.4
210,4,23.605,16164.9
211,4,23.59333333333333,20440.3
212,4,23.501666666666665,20301.8
213,4,22.81833333333333,19905.1
214,4,28.05,23351.1
215,4,24.678333333333335,21432.3
216,4,22.973333333333336,20017.6
217,4,33.575,27036.2
218,4,39.62,31039.2
219,4,25.741666666666667,20075.8
220,4,21.983333333333334,16612.6
221,4,22.938333333333333,18933.9
222,4,22.258333333333333,18537.2
223,4,24.3,19692.4
224,4,26.55,20851
225,4,24.490000000000002,19908.6
226,4,23.363333333333333,20098.8
227,4,25.061666666666667,21761.6
228,4,31.43,27959.2
229,4,32.803333333333335,29272.8
230,4,30.678333333333335,28265.9
231,4,29.986666666666668,27499.4
232,4,27.490000000000002,25593
233,4,34.18333333333333,27371.1
234,4,37.125,33466.7
235,4,33.60333333333333,30191.6
236,4,33.74166666666667,30900.5
237,4,36.25333333333333,33332.9
238,4,35.62833333333333,32521.3
239,4,33.89333333333333,31574.8
240,4,33.8,31667.9
241,4,33.62166666666666,30634.2
242,4,33.49,30911.1
243,4,33.32333333333334,30577.9
244,4,24.553333333333335,21354.2
245,4,23.290000000000003,18382.7
246,4,33.373333333333335,24750.1
247,4,24.175,20733
248,4,25.36,20900.6
249,4,24.75,20924.3
250,4,20.105,16911.6
251,4,22.993333333333332,17165.7
252,4,24.154999999999998,19717.2
253,4,19.33833333333333,13039.4
254,4,19.240000000000002,16825.1
255,4,18.779999999999998,13100.3
256,4,24.355,17693.6
257,4,17.198333333333334,13911.3
258,4,16.883333333333333,11554.7
259,4,12.735000000000001,8964
260,4,12.315,8841.5
261,4,11.246666666666666,8083.2
262,4,8.615,4778
263,4,8.703333333333335,4828.1
264,4,10.098333333333333,5204.9
265,4,10.851666666666667,6145.7
266,4,8.398333333333333,3410.5
267,4,7.27,3219.4
268,4,8.173333333333334,2631.5
269,4,11.773333333333333,7087.7
270,4,10.326666666666666,5532
271,4,9.486666666666668,5066.1
272,4,9.08,4733.8
273,4,15.68,9972.3
274,4,14.83,10040.4
275,4,17.163333333333334,12213.2
276,4,7.256666666666666,2552.5
277,4,9.456666666666667,4141.8
278,4,6.4,2058.6
279,4,7.765,3379.3
280,4,12.098333333333333,6223.3
281,4,15.186666666666667,9628.4
282,4,15.881666666666666,8491
283,4,13.639999999999999,7695.7
284,4,12.08,6610.6
285,4,29.01833333333333,19706
286,4,18.311666666666667,12787.7
287,4,22.416666666666668,16485.5
288,4,15.545,9953.4
289,4,18.141666666666666,12465.1
290,4,44.67833333333333,39773.2
291,4,39.208333333333336,36482.3
292,4,36.725,34410.3
293,4,46.055,38970.8
294,4,43.97666666666667,39788.4
295,4,44.695,45739.8
296,4,39.25666666666667,36721
297,4,40.541666666666664,38286
298,4,47.065000000000005,41705.1
299,4,41.82166666666667,38246.4
300,4,37.66166666666666,36049.5
301,4,38.24166666666667,35811.6
302,4,36.59666666666667,33690.3
303,4,44.37833333333333,36524
304,4,33.766666666666666,28934.9
305,4,38.39,30175.4
306,4,21.316666666666666,19141
307,4,22.928333333333335,19739.2
308,4,23.813333333333333,19828.7
309,4,23.76833333333333,19252.8
310,4,22.578333333333333,18782.8
311,4,25.384999999999998,19852.1
312,4,20.956666666666667,17142.7
313,4,20.37,16350.9
314,4,21.029999999999998,17162.9
315,4,19.206666666666667,16120.1
316,4,23.10666666666667,23487.8
317,4,23.185,22957.8
318,4,21.279999999999998,21330.1
319,4,19.298333333333336,19030.8
320,4,21.198333333333334,20906.4
321,4,19.41166666666667,19745.1
322,4,20.205,20351.3
323,4,21.48166666666667,21507
324,4,27.11,23769.9
1,5,17.473333333333336,18676
2,5,16.815,14730.8
3,5,18.4,15235.9
4,5,15.945,13900
5,5,16.226666666666667,13167.6
6,5,15.735000000000001,13960
7,5,16.01,12684.4
8,5,15.053333333333335,17389.5
9,5,15.663333333333332,17536.6
10,5,16.635,14268
11,5,16.08,14659
12,5,16.446666666666665,14557.5
13,5,13.513333333333332,12485.4
14,5,13.386666666666667,15052.1
15,5,14.241666666666667,16055.1
16,5,14.67,12675.4
17,5,14.388333333333332,13224.8
18,5,14.531666666666666,12539.1
19,5,13.228333333333333,11500.3
20,5,13.906666666666666,12582.8
21,5,12.54,12013.3
22,5,13.18,11192.2
23,5,12.506666666666666,11567.7
24,5,14.253333333333334,11530.9
25,5,15.014999999999999,12614.5
26,5,12.263333333333332,9796.1
27,5,12.368333333333334,10275.4
28,5,13.283333333333333,11543.7
29,5,12.556666666666667,11848.4
30,5,12.538333333333332,13573.8
31,5,11.133333333333333,10421.2
32,5,11.8,11247.4
33,5,12.243333333333334,10612.6
34,5,11.813333333333333,9936.3
35,5,10.845,10432.1
36,5,11.243333333333334,8900.1
37,5,10.754999999999999,8203.4
38,5,12.393333333333334,10908.6
39,5,11.621666666666666,9748
40,5,12.786666666666667,10133.4
41,5,10.935,8001.8
42,5,10.468333333333334,7471.9
43,5,10.031666666666666,9972.4
44,5,9.229999999999999,9375.4
45,5,10.256666666666666,9934.6
46,5,9.313333333333333,9188.9
47,5,8.683333333333334,8491.4
48,5,10.020000000000001,9984.2
49,5,9.445,9137.3
50,5,9.583333333333334,9033.9
51,5,9.348333333333333,6857.9
52,5,10.361666666666668,7748.5
53,5,8.011666666666667,5681.6
54,5,8.218333333333334,7307.4
55,5,9.715,7104.8
56,5,8.728333333333333,5960.4
57,5,9.358333333333333,9564.7
58,5,8.81,9496.2
59,5,7.925,7980.6
60,5,9.003333333333334,8744.3
61,5,8.965,8182.4
62,5,11.541666666666666,11670.5
63,5,11.396666666666667,11085.4
64,5,10.648333333333333,10392.7
65,5,8.926666666666668,9421
66,5,10.504999999999999,10150.4
67,5,9.761666666666667,9550.9
68,5,9.615,6601.7
69,5,9.276666666666667,5981.6
70,5,9.291666666666666,8031.4
71,5,3.0966666666666667,1906.7
72,5,4.196666666666667,2006.2
73,5,7.27,4941.4
74,5,7.433333333333334,4442.5
75,5,7.671666666666667,6548.3
76,5,5.381666666666666,5724.5
77,5,14.18,13622.4
78,5,11.713333333333333,10807.7
79,5,11.786666666666667,10316.2
80,5,11.17,10404.7
81,5,23.48,20243.4
82,5,22.209999999999997,23533
83,5,20.348333333333336,23459.5
84,5,20.433333333333334,24340.7
85,5,21.545,25129.7
86,5,19.651666666666664,21774
87,5,20.065,21763.7
88,5,20.991666666666667,24501.5
89,5,20.720000000000002,22546.4
90,5,24.396666666666665,26213
91,5,27.505,28196.9
92,5,22.333333333333332,24120
93,5,28.965,30621.4
94,5,27.334999999999997,27958.1
95,5,26.345000000000002,27795.8
96,5,17.986666666666668,20787.5
97,5,19.008333333333333,21699.5
98,5,18.526666666666664,20393.7
99,5,19.123333333333335,16389.6
100,5,17.883333333333333,19793.3
101,5,18.048333333333336,14591.8
102,5,20.486666666666668,22987.9
103,5,19.646666666666665,15591.9
104,5,19.211666666666666,15646.1
105,5,17.726666666666667,14972.5
106,5,25.615000000000002,27323.8
107,5,18.563333333333333,15015.8
108,5,18.976666666666667,15202.2
109,5,20.176666666666666,17687.5
110,5,18.154999999999998,14053.9
111,5,18.875,15076.7
112,5,18.06,13561.1
113,5,17.243333333333332,13305.2
114,5,16.278333333333332,12622.3
115,5,14.453333333333335,11592.4
116,5,15.538333333333332,13195.9
117,5,17.023333333333333,14268.7
118,5,15.898333333333333,12643
119,5,15.4,12548.7
120,5,17.266666666666666,12543.6
121,5,17.891666666666666,14156.3
122,5,17.228333333333335,15225.2
123,5,17.771666666666665,15505.2
124,5,12.988333333333333,10013.2
125,5,14.451666666666666,10962
126,5,12.610000000000001,9967.8
127,5,14.001666666666667,11296.8
128,5,13.935,11040.9
129,5,14.851666666666667,12319.6
130,5,14.770000000000001,12616.4
131,5,13.423333333333334,11298
132,5,12.885,10502.5
133,5,14.241666666666667,11285.2
134,5,11.728333333333333,8580.3
135,5,11.365,8192.2
136,5,9.288333333333332,7138.2
137,5,11.58,8393.5
138,5,10.7,7811.8
139,5,11.268333333333334,9326.4
140,5,12.078333333333335,9192
141,5,9.81,8164.5
142,5,13.391666666666667,11179.1
143,5,13.935,10728.9
144,5,12.025,9830.5
145,5,10.889999999999999,9124.1
146,5,10.66,9007.7
147,5,2.3466666666666667,814.5
148,5,2.925,1331.1
149,5,7.376666666666667,4460.1
150,5,3.8733333333333335,2072.6
151,5,7.715,3910.7
152,5,7.071666666666667,6205.3
153,5,7.875,5236
154,5,5.641666666666667,3524.1
155,5,7.7683333333333335,5810.2
156,5,7.133333333333334,4837.9
157,5,7.401666666666667,5482.9
158,5,7.745,4840
159,5,6.693333333333333,4621.3
160,5,13.095,5275.8
161,5,6.0649999999999995,3949.1
162,5,6.241666666666666,4576
163,5,7.7283333333333335,5013.6
164,5,4.691666666666666,4286.6
165,5,10.703333333333335,7148.2
166,5,10.75,8996.9
167,5,10.081666666666667,8501.8
168,5,12.153333333333334,9646.5
169,5,10.014999999999999,7942.1
170,5,11.086666666666668,9434.9
171,5,13.379999999999999,10416.4
172,5,13.298333333333334,10013.3
173,5,8.583333333333334,7437.6
174,5,8.126666666666667,6729.2
175,5,10.061666666666667,6899
176,5,9.185,7053.9
177,5,8.878333333333334,7385.4
178,5,7.836666666666667,6223
179,5,12.253333333333334,10106.2
180,5,11.55,10891.7
181,5,10.328333333333335,8258.2
182,5,9.018333333333334,7477.9
183,5,10.078333333333335,8579.4
184,5,12.6,10314.5
185,5,12.658333333333333,11296.2
186,5,12.311666666666667,10770.5
187,5,10.918333333333333,8593.2
188,5,11.878333333333334,9740.1
189,5,10.578333333333335,8012.7
190,5,9.166666666666666,6756.1
191,5,11.381666666666666,9007.5
192,5,12.845,9567.1
193,5,15.006666666666666,10671.2
194,5,17.86,15464.5
195,5,14.58,10527.3
196,5,6.358333333333333,3948.4
197,5,6.285,4402
198,5,7.108333333333333,4461.7
199,5,5.3116666666666665,2951.6
200,5,2.6666666666666665,1706.4
201,5,7.503333333333333,5604.9
202,5,10.206666666666667,7604.3
203,5,8.186666666666666,5375
204,5,6.743333333333334,4677.1
205,5,7.665,5026.5
206,5,9.226666666666667,7182.8
207,5,10.955,8614.9
208,5,14.555,12430.4
209,5,10.586666666666668,8622.9
210,5,13.979999999999999,12828.1
211,5,12.92,9476
212,5,12.828333333333335,9337.5
213,5,12.726666666666667,10625.6
214,5,17.376666666666665,12386.8
215,5,14.004999999999999,10468
216,5,12.3,9053.2
217,5,19.623333333333335,14665.7
218,5,25.668333333333333,18668.8
219,5,12.183333333333334,8481.1
220,5,11.735000000000001,12608.7
221,5,8.986666666666668,6563.5
222,5,8.446666666666667,6613.7
223,5,10.348333333333333,7321.9
224,5,12.598333333333333,8480.6
225,5,10.538333333333332,7538.2
226,5,9.411666666666667,7728.3
227,5,11.110000000000001,9391.2
228,5,27.096666666666668,28250.5
229,5,25.285,27236.8
230,5,23.16,26229.9
231,5,25.6,28309.8
232,5,23.15666666666667,25884.4
233,5,26.665000000000003,25335.1
234,5,29.60666666666667,31430.7
235,5,26.084999999999997,28155.6
236,5,26.223333333333336,28864.5
237,5,30.755,32986.6
238,5,28.220000000000002,30769.7
239,5,29.271666666666665,31755.5
240,5,26.28166666666667,29631.9
241,5,26.103333333333335,28598.2
242,5,28.23,29865.6
243,5,28.990000000000002,30869.2
244,5,25.581666666666667,22969.9
245,5,25.37,22236.3
246,5,37.625,30987.3
247,5,28.061666666666667,26364.2
248,5,29.816666666666666,27661.4
249,5,30.955,28307.8
250,5,25.735,24329.1
251,5,24.58,21249.8
252,5,25.183333333333334,21332.9
253,5,25.388333333333332,20064.8
254,5,25.7,27000.5
255,5,25.240000000000002,23275.7
256,5,30.815,27868.9
257,5,23.658333333333335,24086.7
258,5,23.34333333333333,21730.1
259,5,19.195,19139.4
260,5,18.775,19016.8
261,5,17.706666666666667,18258.5
262,5,15.075,14953.3
263,5,15.128333333333334,13331.8
264,5,13.668333333333333,12110.9
265,5,12.946666666666665,11174
266,5,14.858333333333333,13585.8
267,5,13.729999999999999,13394.8
268,5,13.393333333333334,11648.6
269,5,14.441666666666666,12657.1
270,5,15.521666666666667,12451.8
271,5,14.011666666666667,11527.1
272,5,14.888333333333332,12196.6
273,5,15.293333333333333,13008
274,5,12.423333333333334,11271.8
275,5,12.023333333333333,13873.6
276,5,13.123333333333333,11963.1
277,5,15.576666666666666,13713.8
278,5,13.056666666666667,12607.4
279,5,13.991666666666667,12951.3
280,5,18.21833333333333,15795.3
281,5,16.171666666666667,13908.6
282,5,20.945,15410.8
283,5,18.703333333333333,14615.5
284,5,17.14333333333333,13530.4
285,5,24.84,22003.9
286,5,17.478333333333335,19055.7
287,5,18.238333333333333,18783.5
288,5,16.529999999999998,14233.7
289,5,13.878333333333334,14763
290,5,43.345,43873.1
291,5,35.36666666666667,37990.9
292,5,33.385,36398.2
293,5,38.53666666666666,36934.9
294,5,36.458333333333336,37752.4
295,5,37.17666666666666,43703.8
296,5,35.54,38229.6
297,5,36.7,39794.6
298,5,43.223333333333336,43213.8
299,5,34.30333333333333,36210.4
300,5,33.54,36358
301,5,30.723333333333336,33775.6
302,5,42.80166666666666,41073.8
303,5,50.14333333333333,42279.3
304,5,38.01833333333333,35172.2
305,5,42.641666666666666,36412.6
306,5,11.225,9861.5
307,5,12.836666666666668,10459.7
308,5,13.011666666666667,8864.4
309,5,12.05,7725.5
310,5,10.59,7337.3
311,5,11.379999999999999,7018.4
312,5,6.951666666666667,4309
313,5,6.364999999999999,3517.2
314,5,7.078333333333333,4792.5
315,5,5.255,3749.7
316,5,13.014999999999999,14208.3
317,5,13.093333333333334,13678.3
318,5,11.188333333333333,12050.6
319,5,9.206666666666667,9751.3
320,5,11.106666666666666,11626.9
321,5,9.32,10465.6
322,5,10.113333333333333,11071.8
323,5,11.389999999999999,12227.4
324,5,19.903333333333332,21745
