<?xml version="1.0" encoding="UTF-8"?>
<metadata xml:lang="en"><Esri><CreaDate>20210914</CreaDate><CreaTime>10344200</CreaTime><ArcGISFormat>1.0</ArcGISFormat><SyncOnce>FALSE</SyncOnce><DataProperties><itemProps><itemName Sync="TRUE">State</itemName><imsContentType Sync="TRUE">002</imsContentType><itemLocation><linkage Sync="TRUE">file://\\GEOG-FWANG02\C$\Users\yhu26\Documents\Yujie Hu\Research\DrWang_book\QuantGIS_V2\DataFiles\BatonRouge\Census.gdb</linkage><protocol Sync="TRUE">Local Area Network</protocol></itemLocation><nativeExtBox><westBL Sync="TRUE">-94.043352</westBL><eastBL Sync="TRUE">-88.758388</eastBL><southBL Sync="TRUE">28.855127</southBL><northBL Sync="TRUE">33.019543</northBL><exTypeCode Sync="TRUE">1</exTypeCode></nativeExtBox></itemProps><coordRef><type Sync="TRUE">Geographic</type><geogcsn Sync="TRUE">GCS_North_American_1983</geogcsn><peXml Sync="TRUE">&lt;GeographicCoordinateSystem xsi:type='typens:GeographicCoordinateSystem' xmlns:xsi='http://www.w3.org/2001/XMLSchema-instance' xmlns:xs='http://www.w3.org/2001/XMLSchema' xmlns:typens='http://www.esri.com/schemas/ArcGIS/10.1'&gt;&lt;WKT&gt;GEOGCS[&amp;quot;GCS_North_American_1983&amp;quot;,DATUM[&amp;quot;D_North_American_1983&amp;quot;,SPHEROID[&amp;quot;GRS_1980&amp;quot;,6378137.0,298.257222101]],PRIMEM[&amp;quot;Greenwich&amp;quot;,0.0],UNIT[&amp;quot;Degree&amp;quot;,0.0174532925199433],AUTHORITY[&amp;quot;EPSG&amp;quot;,4269]]&lt;/WKT&gt;&lt;XOrigin&gt;-399.99999999999989&lt;/XOrigin&gt;&lt;YOrigin&gt;-399.99999999999989&lt;/YOrigin&gt;&lt;XYScale&gt;1111948722.2222221&lt;/XYScale&gt;&lt;ZOrigin&gt;-100000&lt;/ZOrigin&gt;&lt;ZScale&gt;10000&lt;/ZScale&gt;&lt;MOrigin&gt;-100000&lt;/MOrigin&gt;&lt;MScale&gt;10000&lt;/MScale&gt;&lt;XYTolerance&gt;8.9831528411952117e-009&lt;/XYTolerance&gt;&lt;ZTolerance&gt;0.001&lt;/ZTolerance&gt;&lt;MTolerance&gt;0.001&lt;/MTolerance&gt;&lt;HighPrecision&gt;true&lt;/HighPrecision&gt;&lt;LeftLongitude&gt;-180&lt;/LeftLongitude&gt;&lt;WKID&gt;4269&lt;/WKID&gt;&lt;LatestWKID&gt;4269&lt;/LatestWKID&gt;&lt;/GeographicCoordinateSystem&gt;</peXml><csUnits Sync="TRUE">Angular Unit: Degree (0.017453)</csUnits></coordRef><lineage><Process ToolSource="C:\Program Files (x86)\ArcGIS\Desktop10.0\ArcToolbox\Toolboxes\Conversion Tools.tbx\FeatureClassToFeatureClass" Date="20130509" Time="112731">FeatureClassToFeatureClass C:\QuantGIS_V2\BatonRouge\LAState.shp C:\QuantGIS_V2\BatonRouge\BatonRouge.mdb LAState # "OBJECTID "OBJECTID" true true false 9 Long 0 9 ,First,#,C:\QuantGIS_V2\BatonRouge\LAState.shp,OBJECTID,-1,-1;GEOID10 "GEOID10" true true false 2 Text 0 0 ,First,#,C:\QuantGIS_V2\BatonRouge\LAState.shp,GEOID10,-1,-1;STUSPS10 "STUSPS10" true true false 2 Text 0 0 ,First,#,C:\QuantGIS_V2\BatonRouge\LAState.shp,STUSPS10,-1,-1;NAME10 "NAME10" true true false 100 Text 0 0 ,First,#,C:\QuantGIS_V2\BatonRouge\LAState.shp,NAME10,-1,-1;ALAND10 "ALAND10" true true false 19 Double 0 0 ,First,#,C:\QuantGIS_V2\BatonRouge\LAState.shp,ALAND10,-1,-1;AWATER10 "AWATER10" true true false 19 Double 0 0 ,First,#,C:\QuantGIS_V2\BatonRouge\LAState.shp,AWATER10,-1,-1;INTPTLAT10 "INTPTLAT10" true true false 11 Text 0 0 ,First,#,C:\QuantGIS_V2\BatonRouge\LAState.shp,INTPTLAT10,-1,-1;INTPTLON10 "INTPTLON10" true true false 12 Text 0 0 ,First,#,C:\QuantGIS_V2\BatonRouge\LAState.shp,INTPTLON10,-1,-1;DP0010001 "DP0010001" true true false 9 Long 0 9 ,First,#,C:\QuantGIS_V2\BatonRouge\LAState.shp,DP0010001,-1,-1;DP0010002 "DP0010002" true true false 9 Long 0 9 ,First,#,C:\QuantGIS_V2\BatonRouge\LAState.shp,DP0010002,-1,-1;DP0010003 "DP0010003" true true false 9 Long 0 9 ,First,#,C:\QuantGIS_V2\BatonRouge\LAState.shp,DP0010003,-1,-1;DP0010004 "DP0010004" true true false 9 Long 0 9 ,First,#,C:\QuantGIS_V2\BatonRouge\LAState.shp,DP0010004,-1,-1;DP0010005 "DP0010005" true true false 9 Long 0 9 ,First,#,C:\QuantGIS_V2\BatonRouge\LAState.shp,DP0010005,-1,-1;DP0010006 "DP0010006" true true false 9 Long 0 9 ,First,#,C:\QuantGIS_V2\BatonRouge\LAState.shp,DP0010006,-1,-1;DP0010007 "DP0010007" true true false 9 Long 0 9 ,First,#,C:\QuantGIS_V2\BatonRouge\LAState.shp,DP0010007,-1,-1;DP0010008 "DP0010008" true true false 9 Long 0 9 ,First,#,C:\QuantGIS_V2\BatonRouge\LAState.shp,DP0010008,-1,-1;DP0010009 "DP0010009" true true false 9 Long 0 9 ,First,#,C:\QuantGIS_V2\BatonRouge\LAState.shp,DP0010009,-1,-1;DP0010010 "DP0010010" true true false 9 Long 0 9 ,First,#,C:\QuantGIS_V2\BatonRouge\LAState.shp,DP0010010,-1,-1;DP0010011 "DP0010011" true true false 9 Long 0 9 ,First,#,C:\QuantGIS_V2\BatonRouge\LAState.shp,DP0010011,-1,-1;DP0010012 "DP0010012" true true false 9 Long 0 9 ,First,#,C:\QuantGIS_V2\BatonRouge\LAState.shp,DP0010012,-1,-1;DP0010013 "DP0010013" true true false 9 Long 0 9 ,First,#,C:\QuantGIS_V2\BatonRouge\LAState.shp,DP0010013,-1,-1;DP0010014 "DP0010014" true true false 9 Long 0 9 ,First,#,C:\QuantGIS_V2\BatonRouge\LAState.shp,DP0010014,-1,-1;DP0010015 "DP0010015" true true false 9 Long 0 9 ,First,#,C:\QuantGIS_V2\BatonRouge\LAState.shp,DP0010015,-1,-1;DP0010016 "DP0010016" true true false 9 Long 0 9 ,First,#,C:\QuantGIS_V2\BatonRouge\LAState.shp,DP0010016,-1,-1;DP0010017 "DP0010017" true true false 9 Long 0 9 ,First,#,C:\QuantGIS_V2\BatonRouge\LAState.shp,DP0010017,-1,-1;DP0010018 "DP0010018" true true false 9 Long 0 9 ,First,#,C:\QuantGIS_V2\BatonRouge\LAState.shp,DP0010018,-1,-1;DP0010019 "DP0010019" true true false 9 Long 0 9 ,First,#,C:\QuantGIS_V2\BatonRouge\LAState.shp,DP0010019,-1,-1;DP0010020 "DP0010020" true true false 9 Long 0 9 ,First,#,C:\QuantGIS_V2\BatonRouge\LAState.shp,DP0010020,-1,-1;DP0010021 "DP0010021" true true false 9 Long 0 9 ,First,#,C:\QuantGIS_V2\BatonRouge\LAState.shp,DP0010021,-1,-1;DP0010022 "DP0010022" true true false 9 Long 0 9 ,First,#,C:\QuantGIS_V2\BatonRouge\LAState.shp,DP0010022,-1,-1;DP0010023 "DP0010023" true true false 9 Long 0 9 ,First,#,C:\QuantGIS_V2\BatonRouge\LAState.shp,DP0010023,-1,-1;DP0010024 "DP0010024" true true false 9 Long 0 9 ,First,#,C:\QuantGIS_V2\BatonRouge\LAState.shp,DP0010024,-1,-1;DP0010025 "DP0010025" true true false 9 Long 0 9 ,First,#,C:\QuantGIS_V2\BatonRouge\LAState.shp,DP0010025,-1,-1;DP0010026 "DP0010026" true true false 9 Long 0 9 ,First,#,C:\QuantGIS_V2\BatonRouge\LAState.shp,DP0010026,-1,-1;DP0010027 "DP0010027" true true false 9 Long 0 9 ,First,#,C:\QuantGIS_V2\BatonRouge\LAState.shp,DP0010027,-1,-1;DP0010028 "DP0010028" true true false 9 Long 0 9 ,First,#,C:\QuantGIS_V2\BatonRouge\LAState.shp,DP0010028,-1,-1;DP0010029 "DP0010029" true true false 9 Long 0 9 ,First,#,C:\QuantGIS_V2\BatonRouge\LAState.shp,DP0010029,-1,-1;DP0010030 "DP0010030" true true false 9 Long 0 9 ,First,#,C:\QuantGIS_V2\BatonRouge\LAState.shp,DP0010030,-1,-1;DP0010031 "DP0010031" true true false 9 Long 0 9 ,First,#,C:\QuantGIS_V2\BatonRouge\LAState.shp,DP0010031,-1,-1;DP0010032 "DP0010032" true true false 9 Long 0 9 ,First,#,C:\QuantGIS_V2\BatonRouge\LAState.shp,DP0010032,-1,-1;DP0010033 "DP0010033" true true false 9 Long 0 9 ,First,#,C:\QuantGIS_V2\BatonRouge\LAState.shp,DP0010033,-1,-1;DP0010034 "DP0010034" true true false 9 Long 0 9 ,First,#,C:\QuantGIS_V2\BatonRouge\LAState.shp,DP0010034,-1,-1;DP0010035 "DP0010035" true true false 9 Long 0 9 ,First,#,C:\QuantGIS_V2\BatonRouge\LAState.shp,DP0010035,-1,-1;DP0010036 "DP0010036" true true false 9 Long 0 9 ,First,#,C:\QuantGIS_V2\BatonRouge\LAState.shp,DP0010036,-1,-1;DP0010037 "DP0010037" true true false 9 Long 0 9 ,First,#,C:\QuantGIS_V2\BatonRouge\LAState.shp,DP0010037,-1,-1;DP0010038 "DP0010038" true true false 9 Long 0 9 ,First,#,C:\QuantGIS_V2\BatonRouge\LAState.shp,DP0010038,-1,-1;DP0010039 "DP0010039" true true false 9 Long 0 9 ,First,#,C:\QuantGIS_V2\BatonRouge\LAState.shp,DP0010039,-1,-1;DP0010040 "DP0010040" true true false 9 Long 0 9 ,First,#,C:\QuantGIS_V2\BatonRouge\LAState.shp,DP0010040,-1,-1;DP0010041 "DP0010041" true true false 9 Long 0 9 ,First,#,C:\QuantGIS_V2\BatonRouge\LAState.shp,DP0010041,-1,-1;DP0010042 "DP0010042" true true false 9 Long 0 9 ,First,#,C:\QuantGIS_V2\BatonRouge\LAState.shp,DP0010042,-1,-1;DP0010043 "DP0010043" true true false 9 Long 0 9 ,First,#,C:\QuantGIS_V2\BatonRouge\LAState.shp,DP0010043,-1,-1;DP0010044 "DP0010044" true true false 9 Long 0 9 ,First,#,C:\QuantGIS_V2\BatonRouge\LAState.shp,DP0010044,-1,-1;DP0010045 "DP0010045" true true false 9 Long 0 9 ,First,#,C:\QuantGIS_V2\BatonRouge\LAState.shp,DP0010045,-1,-1;DP0010046 "DP0010046" true true false 9 Long 0 9 ,First,#,C:\QuantGIS_V2\BatonRouge\LAState.shp,DP0010046,-1,-1;DP0010047 "DP0010047" true true false 9 Long 0 9 ,First,#,C:\QuantGIS_V2\BatonRouge\LAState.shp,DP0010047,-1,-1;DP0010048 "DP0010048" true true false 9 Long 0 9 ,First,#,C:\QuantGIS_V2\BatonRouge\LAState.shp,DP0010048,-1,-1;DP0010049 "DP0010049" true true false 9 Long 0 9 ,First,#,C:\QuantGIS_V2\BatonRouge\LAState.shp,DP0010049,-1,-1;DP0010050 "DP0010050" true true false 9 Long 0 9 ,First,#,C:\QuantGIS_V2\BatonRouge\LAState.shp,DP0010050,-1,-1;DP0010051 "DP0010051" true true false 9 Long 0 9 ,First,#,C:\QuantGIS_V2\BatonRouge\LAState.shp,DP0010051,-1,-1;DP0010052 "DP0010052" true true false 9 Long 0 9 ,First,#,C:\QuantGIS_V2\BatonRouge\LAState.shp,DP0010052,-1,-1;DP0010053 "DP0010053" true true false 9 Long 0 9 ,First,#,C:\QuantGIS_V2\BatonRouge\LAState.shp,DP0010053,-1,-1;DP0010054 "DP0010054" true true false 9 Long 0 9 ,First,#,C:\QuantGIS_V2\BatonRouge\LAState.shp,DP0010054,-1,-1;DP0010055 "DP0010055" true true false 9 Long 0 9 ,First,#,C:\QuantGIS_V2\BatonRouge\LAState.shp,DP0010055,-1,-1;DP0010056 "DP0010056" true true false 9 Long 0 9 ,First,#,C:\QuantGIS_V2\BatonRouge\LAState.shp,DP0010056,-1,-1;DP0010057 "DP0010057" true true false 9 Long 0 9 ,First,#,C:\QuantGIS_V2\BatonRouge\LAState.shp,DP0010057,-1,-1;DP0020001 "DP0020001" true true false 19 Double 0 0 ,First,#,C:\QuantGIS_V2\BatonRouge\LAState.shp,DP0020001,-1,-1;DP0020002 "DP0020002" true true false 19 Double 0 0 ,First,#,C:\QuantGIS_V2\BatonRouge\LAState.shp,DP0020002,-1,-1;DP0020003 "DP0020003" true true false 19 Double 0 0 ,First,#,C:\QuantGIS_V2\BatonRouge\LAState.shp,DP0020003,-1,-1;DP0030001 "DP0030001" true true false 9 Long 0 9 ,First,#,C:\QuantGIS_V2\BatonRouge\LAState.shp,DP0030001,-1,-1;DP0030002 "DP0030002" true true false 9 Long 0 9 ,First,#,C:\QuantGIS_V2\BatonRouge\LAState.shp,DP0030002,-1,-1;DP0030003 "DP0030003" true true false 9 Long 0 9 ,First,#,C:\QuantGIS_V2\BatonRouge\LAState.shp,DP0030003,-1,-1;DP0040001 "DP0040001" true true false 9 Long 0 9 ,First,#,C:\QuantGIS_V2\BatonRouge\LAState.shp,DP0040001,-1,-1;DP0040002 "DP0040002" true true false 9 Long 0 9 ,First,#,C:\QuantGIS_V2\BatonRouge\LAState.shp,DP0040002,-1,-1;DP0040003 "DP0040003" true true false 9 Long 0 9 ,First,#,C:\QuantGIS_V2\BatonRouge\LAState.shp,DP0040003,-1,-1;DP0050001 "DP0050001" true true false 9 Long 0 9 ,First,#,C:\QuantGIS_V2\BatonRouge\LAState.shp,DP0050001,-1,-1;DP0050002 "DP0050002" true true false 9 Long 0 9 ,First,#,C:\QuantGIS_V2\BatonRouge\LAState.shp,DP0050002,-1,-1;DP0050003 "DP0050003" true true false 9 Long 0 9 ,First,#,C:\QuantGIS_V2\BatonRouge\LAState.shp,DP0050003,-1,-1;DP0060001 "DP0060001" true true false 9 Long 0 9 ,First,#,C:\QuantGIS_V2\BatonRouge\LAState.shp,DP0060001,-1,-1;DP0060002 "DP0060002" true true false 9 Long 0 9 ,First,#,C:\QuantGIS_V2\BatonRouge\LAState.shp,DP0060002,-1,-1;DP0060003 "DP0060003" true true false 9 Long 0 9 ,First,#,C:\QuantGIS_V2\BatonRouge\LAState.shp,DP0060003,-1,-1;DP0070001 "DP0070001" true true false 9 Long 0 9 ,First,#,C:\QuantGIS_V2\BatonRouge\LAState.shp,DP0070001,-1,-1;DP0070002 "DP0070002" true true false 9 Long 0 9 ,First,#,C:\QuantGIS_V2\BatonRouge\LAState.shp,DP0070002,-1,-1;DP0070003 "DP0070003" true true false 9 Long 0 9 ,First,#,C:\QuantGIS_V2\BatonRouge\LAState.shp,DP0070003,-1,-1;DP0080001 "DP0080001" true true false 9 Long 0 9 ,First,#,C:\QuantGIS_V2\BatonRouge\LAState.shp,DP0080001,-1,-1;DP0080002 "DP0080002" true true false 9 Long 0 9 ,First,#,C:\QuantGIS_V2\BatonRouge\LAState.shp,DP0080002,-1,-1;DP0080003 "DP0080003" true true false 9 Long 0 9 ,First,#,C:\QuantGIS_V2\BatonRouge\LAState.shp,DP0080003,-1,-1;DP0080004 "DP0080004" true true false 9 Long 0 9 ,First,#,C:\QuantGIS_V2\BatonRouge\LAState.shp,DP0080004,-1,-1;DP0080005 "DP0080005" true true false 9 Long 0 9 ,First,#,C:\QuantGIS_V2\BatonRouge\LAState.shp,DP0080005,-1,-1;DP0080006 "DP0080006" true true false 9 Long 0 9 ,First,#,C:\QuantGIS_V2\BatonRouge\LAState.shp,DP0080006,-1,-1;DP0080007 "DP0080007" true true false 9 Long 0 9 ,First,#,C:\QuantGIS_V2\BatonRouge\LAState.shp,DP0080007,-1,-1;DP0080008 "DP0080008" true true false 9 Long 0 9 ,First,#,C:\QuantGIS_V2\BatonRouge\LAState.shp,DP0080008,-1,-1;DP0080009 "DP0080009" true true false 9 Long 0 9 ,First,#,C:\QuantGIS_V2\BatonRouge\LAState.shp,DP0080009,-1,-1;DP0080010 "DP0080010" true true false 9 Long 0 9 ,First,#,C:\QuantGIS_V2\BatonRouge\LAState.shp,DP0080010,-1,-1;DP0080011 "DP0080011" true true false 9 Long 0 9 ,First,#,C:\QuantGIS_V2\BatonRouge\LAState.shp,DP0080011,-1,-1;DP0080012 "DP0080012" true true false 9 Long 0 9 ,First,#,C:\QuantGIS_V2\BatonRouge\LAState.shp,DP0080012,-1,-1;DP0080013 "DP0080013" true true false 9 Long 0 9 ,First,#,C:\QuantGIS_V2\BatonRouge\LAState.shp,DP0080013,-1,-1;DP0080014 "DP0080014" true true false 9 Long 0 9 ,First,#,C:\QuantGIS_V2\BatonRouge\LAState.shp,DP0080014,-1,-1;DP0080015 "DP0080015" true true false 9 Long 0 9 ,First,#,C:\QuantGIS_V2\BatonRouge\LAState.shp,DP0080015,-1,-1;DP0080016 "DP0080016" true true false 9 Long 0 9 ,First,#,C:\QuantGIS_V2\BatonRouge\LAState.shp,DP0080016,-1,-1;DP0080017 "DP0080017" true true false 9 Long 0 9 ,First,#,C:\QuantGIS_V2\BatonRouge\LAState.shp,DP0080017,-1,-1;DP0080018 "DP0080018" true true false 9 Long 0 9 ,First,#,C:\QuantGIS_V2\BatonRouge\LAState.shp,DP0080018,-1,-1;DP0080019 "DP0080019" true true false 9 Long 0 9 ,First,#,C:\QuantGIS_V2\BatonRouge\LAState.shp,DP0080019,-1,-1;DP0080020 "DP0080020" true true false 9 Long 0 9 ,First,#,C:\QuantGIS_V2\BatonRouge\LAState.shp,DP0080020,-1,-1;DP0080021 "DP0080021" true true false 9 Long 0 9 ,First,#,C:\QuantGIS_V2\BatonRouge\LAState.shp,DP0080021,-1,-1;DP0080022 "DP0080022" true true false 9 Long 0 9 ,First,#,C:\QuantGIS_V2\BatonRouge\LAState.shp,DP0080022,-1,-1;DP0080023 "DP0080023" true true false 9 Long 0 9 ,First,#,C:\QuantGIS_V2\BatonRouge\LAState.shp,DP0080023,-1,-1;DP0080024 "DP0080024" true true false 9 Long 0 9 ,First,#,C:\QuantGIS_V2\BatonRouge\LAState.shp,DP0080024,-1,-1;DP0090001 "DP0090001" true true false 9 Long 0 9 ,First,#,C:\QuantGIS_V2\BatonRouge\LAState.shp,DP0090001,-1,-1;DP0090002 "DP0090002" true true false 9 Long 0 9 ,First,#,C:\QuantGIS_V2\BatonRouge\LAState.shp,DP0090002,-1,-1;DP0090003 "DP0090003" true true false 9 Long 0 9 ,First,#,C:\QuantGIS_V2\BatonRouge\LAState.shp,DP0090003,-1,-1;DP0090004 "DP0090004" true true false 9 Long 0 9 ,First,#,C:\QuantGIS_V2\BatonRouge\LAState.shp,DP0090004,-1,-1;DP0090005 "DP0090005" true true false 9 Long 0 9 ,First,#,C:\QuantGIS_V2\BatonRouge\LAState.shp,DP0090005,-1,-1;DP0090006 "DP0090006" true true false 9 Long 0 9 ,First,#,C:\QuantGIS_V2\BatonRouge\LAState.shp,DP0090006,-1,-1;DP0100001 "DP0100001" true true false 9 Long 0 9 ,First,#,C:\QuantGIS_V2\BatonRouge\LAState.shp,DP0100001,-1,-1;DP0100002 "DP0100002" true true false 9 Long 0 9 ,First,#,C:\QuantGIS_V2\BatonRouge\LAState.shp,DP0100002,-1,-1;DP0100003 "DP0100003" true true false 9 Long 0 9 ,First,#,C:\QuantGIS_V2\BatonRouge\LAState.shp,DP0100003,-1,-1;DP0100004 "DP0100004" true true false 9 Long 0 9 ,First,#,C:\QuantGIS_V2\BatonRouge\LAState.shp,DP0100004,-1,-1;DP0100005 "DP0100005" true true false 9 Long 0 9 ,First,#,C:\QuantGIS_V2\BatonRouge\LAState.shp,DP0100005,-1,-1;DP0100006 "DP0100006" true true false 9 Long 0 9 ,First,#,C:\QuantGIS_V2\BatonRouge\LAState.shp,DP0100006,-1,-1;DP0100007 "DP0100007" true true false 9 Long 0 9 ,First,#,C:\QuantGIS_V2\BatonRouge\LAState.shp,DP0100007,-1,-1;DP0110001 "DP0110001" true true false 9 Long 0 9 ,First,#,C:\QuantGIS_V2\BatonRouge\LAState.shp,DP0110001,-1,-1;DP0110002 "DP0110002" true true false 9 Long 0 9 ,First,#,C:\QuantGIS_V2\BatonRouge\LAState.shp,DP0110002,-1,-1;DP0110003 "DP0110003" true true false 9 Long 0 9 ,First,#,C:\QuantGIS_V2\BatonRouge\LAState.shp,DP0110003,-1,-1;DP0110004 "DP0110004" true true false 9 Long 0 9 ,First,#,C:\QuantGIS_V2\BatonRouge\LAState.shp,DP0110004,-1,-1;DP0110005 "DP0110005" true true false 9 Long 0 9 ,First,#,C:\QuantGIS_V2\BatonRouge\LAState.shp,DP0110005,-1,-1;DP0110006 "DP0110006" true true false 9 Long 0 9 ,First,#,C:\QuantGIS_V2\BatonRouge\LAState.shp,DP0110006,-1,-1;DP0110007 "DP0110007" true true false 9 Long 0 9 ,First,#,C:\QuantGIS_V2\BatonRouge\LAState.shp,DP0110007,-1,-1;DP0110008 "DP0110008" true true false 9 Long 0 9 ,First,#,C:\QuantGIS_V2\BatonRouge\LAState.shp,DP0110008,-1,-1;DP0110009 "DP0110009" true true false 9 Long 0 9 ,First,#,C:\QuantGIS_V2\BatonRouge\LAState.shp,DP0110009,-1,-1;DP0110010 "DP0110010" true true false 9 Long 0 9 ,First,#,C:\QuantGIS_V2\BatonRouge\LAState.shp,DP0110010,-1,-1;DP0110011 "DP0110011" true true false 9 Long 0 9 ,First,#,C:\QuantGIS_V2\BatonRouge\LAState.shp,DP0110011,-1,-1;DP0110012 "DP0110012" true true false 9 Long 0 9 ,First,#,C:\QuantGIS_V2\BatonRouge\LAState.shp,DP0110012,-1,-1;DP0110013 "DP0110013" true true false 9 Long 0 9 ,First,#,C:\QuantGIS_V2\BatonRouge\LAState.shp,DP0110013,-1,-1;DP0110014 "DP0110014" true true false 9 Long 0 9 ,First,#,C:\QuantGIS_V2\BatonRouge\LAState.shp,DP0110014,-1,-1;DP0110015 "DP0110015" true true false 9 Long 0 9 ,First,#,C:\QuantGIS_V2\BatonRouge\LAState.shp,DP0110015,-1,-1;DP0110016 "DP0110016" true true false 9 Long 0 9 ,First,#,C:\QuantGIS_V2\BatonRouge\LAState.shp,DP0110016,-1,-1;DP0110017 "DP0110017" true true false 9 Long 0 9 ,First,#,C:\QuantGIS_V2\BatonRouge\LAState.shp,DP0110017,-1,-1;DP0120001 "DP0120001" true true false 9 Long 0 9 ,First,#,C:\QuantGIS_V2\BatonRouge\LAState.shp,DP0120001,-1,-1;DP0120002 "DP0120002" true true false 9 Long 0 9 ,First,#,C:\QuantGIS_V2\BatonRouge\LAState.shp,DP0120002,-1,-1;DP0120003 "DP0120003" true true false 9 Long 0 9 ,First,#,C:\QuantGIS_V2\BatonRouge\LAState.shp,DP0120003,-1,-1;DP0120004 "DP0120004" true true false 9 Long 0 9 ,First,#,C:\QuantGIS_V2\BatonRouge\LAState.shp,DP0120004,-1,-1;DP0120005 "DP0120005" true true false 9 Long 0 9 ,First,#,C:\QuantGIS_V2\BatonRouge\LAState.shp,DP0120005,-1,-1;DP0120006 "DP0120006" true true false 9 Long 0 9 ,First,#,C:\QuantGIS_V2\BatonRouge\LAState.shp,DP0120006,-1,-1;DP0120007 "DP0120007" true true false 9 Long 0 9 ,First,#,C:\QuantGIS_V2\BatonRouge\LAState.shp,DP0120007,-1,-1;DP0120008 "DP0120008" true true false 9 Long 0 9 ,First,#,C:\QuantGIS_V2\BatonRouge\LAState.shp,DP0120008,-1,-1;DP0120009 "DP0120009" true true false 9 Long 0 9 ,First,#,C:\QuantGIS_V2\BatonRouge\LAState.shp,DP0120009,-1,-1;DP0120010 "DP0120010" true true false 9 Long 0 9 ,First,#,C:\QuantGIS_V2\BatonRouge\LAState.shp,DP0120010,-1,-1;DP0120011 "DP0120011" true true false 9 Long 0 9 ,First,#,C:\QuantGIS_V2\BatonRouge\LAState.shp,DP0120011,-1,-1;DP0120012 "DP0120012" true true false 9 Long 0 9 ,First,#,C:\QuantGIS_V2\BatonRouge\LAState.shp,DP0120012,-1,-1;DP0120013 "DP0120013" true true false 9 Long 0 9 ,First,#,C:\QuantGIS_V2\BatonRouge\LAState.shp,DP0120013,-1,-1;DP0120014 "DP0120014" true true false 9 Long 0 9 ,First,#,C:\QuantGIS_V2\BatonRouge\LAState.shp,DP0120014,-1,-1;DP0120015 "DP0120015" true true false 9 Long 0 9 ,First,#,C:\QuantGIS_V2\BatonRouge\LAState.shp,DP0120015,-1,-1;DP0120016 "DP0120016" true true false 9 Long 0 9 ,First,#,C:\QuantGIS_V2\BatonRouge\LAState.shp,DP0120016,-1,-1;DP0120017 "DP0120017" true true false 9 Long 0 9 ,First,#,C:\QuantGIS_V2\BatonRouge\LAState.shp,DP0120017,-1,-1;DP0120018 "DP0120018" true true false 9 Long 0 9 ,First,#,C:\QuantGIS_V2\BatonRouge\LAState.shp,DP0120018,-1,-1;DP0120019 "DP0120019" true true false 9 Long 0 9 ,First,#,C:\QuantGIS_V2\BatonRouge\LAState.shp,DP0120019,-1,-1;DP0120020 "DP0120020" true true false 9 Long 0 9 ,First,#,C:\QuantGIS_V2\BatonRouge\LAState.shp,DP0120020,-1,-1;DP0130001 "DP0130001" true true false 9 Long 0 9 ,First,#,C:\QuantGIS_V2\BatonRouge\LAState.shp,DP0130001,-1,-1;DP0130002 "DP0130002" true true false 9 Long 0 9 ,First,#,C:\QuantGIS_V2\BatonRouge\LAState.shp,DP0130002,-1,-1;DP0130003 "DP0130003" true true false 9 Long 0 9 ,First,#,C:\QuantGIS_V2\BatonRouge\LAState.shp,DP0130003,-1,-1;DP0130004 "DP0130004" true true false 9 Long 0 9 ,First,#,C:\QuantGIS_V2\BatonRouge\LAState.shp,DP0130004,-1,-1;DP0130005 "DP0130005" true true false 9 Long 0 9 ,First,#,C:\QuantGIS_V2\BatonRouge\LAState.shp,DP0130005,-1,-1;DP0130006 "DP0130006" true true false 9 Long 0 9 ,First,#,C:\QuantGIS_V2\BatonRouge\LAState.shp,DP0130006,-1,-1;DP0130007 "DP0130007" true true false 9 Long 0 9 ,First,#,C:\QuantGIS_V2\BatonRouge\LAState.shp,DP0130007,-1,-1;DP0130008 "DP0130008" true true false 9 Long 0 9 ,First,#,C:\QuantGIS_V2\BatonRouge\LAState.shp,DP0130008,-1,-1;DP0130009 "DP0130009" true true false 9 Long 0 9 ,First,#,C:\QuantGIS_V2\BatonRouge\LAState.shp,DP0130009,-1,-1;DP0130010 "DP0130010" true true false 9 Long 0 9 ,First,#,C:\QuantGIS_V2\BatonRouge\LAState.shp,DP0130010,-1,-1;DP0130011 "DP0130011" true true false 9 Long 0 9 ,First,#,C:\QuantGIS_V2\BatonRouge\LAState.shp,DP0130011,-1,-1;DP0130012 "DP0130012" true true false 9 Long 0 9 ,First,#,C:\QuantGIS_V2\BatonRouge\LAState.shp,DP0130012,-1,-1;DP0130013 "DP0130013" true true false 9 Long 0 9 ,First,#,C:\QuantGIS_V2\BatonRouge\LAState.shp,DP0130013,-1,-1;DP0130014 "DP0130014" true true false 9 Long 0 9 ,First,#,C:\QuantGIS_V2\BatonRouge\LAState.shp,DP0130014,-1,-1;DP0130015 "DP0130015" true true false 9 Long 0 9 ,First,#,C:\QuantGIS_V2\BatonRouge\LAState.shp,DP0130015,-1,-1;DP0140001 "DP0140001" true true false 9 Long 0 9 ,First,#,C:\QuantGIS_V2\BatonRouge\LAState.shp,DP0140001,-1,-1;DP0150001 "DP0150001" true true false 9 Long 0 9 ,First,#,C:\QuantGIS_V2\BatonRouge\LAState.shp,DP0150001,-1,-1;DP0160001 "DP0160001" true true false 19 Double 0 0 ,First,#,C:\QuantGIS_V2\BatonRouge\LAState.shp,DP0160001,-1,-1;DP0170001 "DP0170001" true true false 19 Double 0 0 ,First,#,C:\QuantGIS_V2\BatonRouge\LAState.shp,DP0170001,-1,-1;DP0180001 "DP0180001" true true false 9 Long 0 9 ,First,#,C:\QuantGIS_V2\BatonRouge\LAState.shp,DP0180001,-1,-1;DP0180002 "DP0180002" true true false 9 Long 0 9 ,First,#,C:\QuantGIS_V2\BatonRouge\LAState.shp,DP0180002,-1,-1;DP0180003 "DP0180003" true true false 9 Long 0 9 ,First,#,C:\QuantGIS_V2\BatonRouge\LAState.shp,DP0180003,-1,-1;DP0180004 "DP0180004" true true false 9 Long 0 9 ,First,#,C:\QuantGIS_V2\BatonRouge\LAState.shp,DP0180004,-1,-1;DP0180005 "DP0180005" true true false 9 Long 0 9 ,First,#,C:\QuantGIS_V2\BatonRouge\LAState.shp,DP0180005,-1,-1;DP0180006 "DP0180006" true true false 9 Long 0 9 ,First,#,C:\QuantGIS_V2\BatonRouge\LAState.shp,DP0180006,-1,-1;DP0180007 "DP0180007" true true false 9 Long 0 9 ,First,#,C:\QuantGIS_V2\BatonRouge\LAState.shp,DP0180007,-1,-1;DP0180008 "DP0180008" true true false 9 Long 0 9 ,First,#,C:\QuantGIS_V2\BatonRouge\LAState.shp,DP0180008,-1,-1;DP0180009 "DP0180009" true true false 9 Long 0 9 ,First,#,C:\QuantGIS_V2\BatonRouge\LAState.shp,DP0180009,-1,-1;DP0190001 "DP0190001" true true false 19 Double 0 0 ,First,#,C:\QuantGIS_V2\BatonRouge\LAState.shp,DP0190001,-1,-1;DP0200001 "DP0200001" true true false 19 Double 0 0 ,First,#,C:\QuantGIS_V2\BatonRouge\LAState.shp,DP0200001,-1,-1;DP0210001 "DP0210001" true true false 9 Long 0 9 ,First,#,C:\QuantGIS_V2\BatonRouge\LAState.shp,DP0210001,-1,-1;DP0210002 "DP0210002" true true false 9 Long 0 9 ,First,#,C:\QuantGIS_V2\BatonRouge\LAState.shp,DP0210002,-1,-1;DP0210003 "DP0210003" true true false 9 Long 0 9 ,First,#,C:\QuantGIS_V2\BatonRouge\LAState.shp,DP0210003,-1,-1;DP0220001 "DP0220001" true true false 9 Long 0 9 ,First,#,C:\QuantGIS_V2\BatonRouge\LAState.shp,DP0220001,-1,-1;DP0220002 "DP0220002" true true false 9 Long 0 9 ,First,#,C:\QuantGIS_V2\BatonRouge\LAState.shp,DP0220002,-1,-1;DP0230001 "DP0230001" true true false 19 Double 0 0 ,First,#,C:\QuantGIS_V2\BatonRouge\LAState.shp,DP0230001,-1,-1;DP0230002 "DP0230002" true true false 19 Double 0 0 ,First,#,C:\QuantGIS_V2\BatonRouge\LAState.shp,DP0230002,-1,-1;Shape_Leng "Shape_Leng" true true false 19 Double 0 0 ,First,#,C:\QuantGIS_V2\BatonRouge\LAState.shp,Shape_Leng,-1,-1;Shape_Area "Shape_Area" true true false 19 Double 0 0 ,First,#,C:\QuantGIS_V2\BatonRouge\LAState.shp,Shape_Area,-1,-1" #</Process><Process ToolSource="c:\program files (x86)\arcgis\desktop10.2\ArcToolbox\Toolboxes\Data Management Tools.tbx\CopyFeatures" Date="20140506" Time="224355">CopyFeatures "C:\Users\yhu26\Documents\Yujie Hu\Research\DrWang_book\QuantGIS_V2\DataFiles\BatonRouge\Census.mdb\State" "C:\Users\yhu26\Documents\Yujie Hu\Research\DrWang_book\QuantGIS_V2\DataFiles\BatonRouge\Census.gdb\State" # 0 0 0</Process></lineage></DataProperties><SyncDate>20140506</SyncDate><SyncTime>22435400</SyncTime><ModDate>20140506</ModDate><ModTime>22435400</ModTime></Esri><dataIdInfo><envirDesc Sync="TRUE">Microsoft Windows 7 Version 6.1 (Build 7601) Service Pack 1; Esri ArcGIS 10.2.1.3497</envirDesc><dataLang><languageCode value="eng" country="USA"></languageCode><countryCode value="USA" Sync="TRUE"></countryCode></dataLang><idCitation><resTitle Sync="TRUE">State</resTitle><presForm><PresFormCd value="005"></PresFormCd></presForm></idCitation><descKeys><thesaName uuidref="723f6998-058e-11dc-8314-0800200c9a66"></thesaName><keyword Sync="TRUE">002</keyword></descKeys><spatRpType><SpatRepTypCd value="001"></SpatRepTypCd></spatRpType><dataExt><geoEle><GeoBndBox esriExtentType="search"><exTypeCode Sync="TRUE">1</exTypeCode><westBL Sync="TRUE">-94.043352</westBL><eastBL Sync="TRUE">-88.758388</eastBL><northBL Sync="TRUE">33.019543</northBL><southBL Sync="TRUE">28.855127</southBL></GeoBndBox></geoEle></dataExt></dataIdInfo><mdLang><languageCode value="eng"></languageCode><countryCode value="USA" Sync="TRUE"></countryCode></mdLang><distInfo><distFormat><formatName Sync="TRUE">File Geodatabase Feature Class</formatName></distFormat></distInfo><mdHrLv><ScopeCd value="005"></ScopeCd></mdHrLv><mdHrLvName Sync="TRUE">dataset</mdHrLvName><refSysInfo><RefSystem><refSysID><identCode code="4269"></identCode><idCodeSpace Sync="TRUE">EPSG</idCodeSpace><idVersion Sync="TRUE">8.2.6</idVersion></refSysID></RefSystem></refSysInfo><spdoinfo><ptvctinf><esriterm Name="State"><efeatyp Sync="TRUE">Simple</efeatyp><efeageom code="4" Sync="TRUE"></efeageom><esritopo Sync="TRUE">FALSE</esritopo><efeacnt Sync="TRUE">0</efeacnt><spindex Sync="TRUE">TRUE</spindex><linrefer Sync="TRUE">FALSE</linrefer></esriterm></ptvctinf></spdoinfo><spatRepInfo><VectSpatRep><geometObjs Name="State"><geoObjTyp><GeoObjTypCd value="002" Sync="TRUE"></GeoObjTypCd></geoObjTyp><geoObjCnt Sync="TRUE">0</geoObjCnt></geometObjs><topLvl><TopoLevCd value="001" Sync="TRUE"></TopoLevCd></topLvl></VectSpatRep></spatRepInfo><eainfo><detailed Name="State"><enttyp><enttypl Sync="TRUE">State</enttypl><enttypt Sync="TRUE">Feature Class</enttypt><enttypc Sync="TRUE">0</enttypc></enttyp><attr><attrlabl Sync="TRUE">OBJECTID_1</attrlabl><attalias Sync="TRUE">OBJECTID_1</attalias><attrtype Sync="TRUE">OID</attrtype><attwidth Sync="TRUE">4</attwidth><atprecis Sync="TRUE">0</atprecis><attscale Sync="TRUE">0</attscale><attrdef Sync="TRUE">Internal feature number.</attrdef><attrdefs Sync="TRUE">ESRI</attrdefs><attrdomv><udom Sync="TRUE">Sequential unique whole numbers that are automatically generated.</udom></attrdomv></attr><attr><attrlabl Sync="TRUE">Shape</attrlabl><attalias Sync="TRUE">Shape</attalias><attrtype Sync="TRUE">Geometry</attrtype><attwidth Sync="TRUE">0</attwidth><atprecis Sync="TRUE">0</atprecis><attscale Sync="TRUE">0</attscale><attrdef Sync="TRUE">Feature geometry.</attrdef><attrdefs Sync="TRUE">ESRI</attrdefs><attrdomv><udom Sync="TRUE">Coordinates defining the features.</udom></attrdomv></attr><attr><attrlabl Sync="TRUE">OBJECTID</attrlabl><attalias Sync="TRUE">OBJECTID</attalias><attrtype Sync="TRUE">Integer</attrtype><attwidth Sync="TRUE">4</attwidth><atprecis Sync="TRUE">0</atprecis><attscale Sync="TRUE">0</attscale></attr><attr><attrlabl Sync="TRUE">GEOID10</attrlabl><attalias Sync="TRUE">GEOID10</attalias><attrtype Sync="TRUE">String</attrtype><attwidth Sync="TRUE">2</attwidth><atprecis Sync="TRUE">0</atprecis><attscale Sync="TRUE">0</attscale></attr><attr><attrlabl Sync="TRUE">STUSPS10</attrlabl><attalias Sync="TRUE">STUSPS10</attalias><attrtype Sync="TRUE">String</attrtype><attwidth Sync="TRUE">2</attwidth><atprecis Sync="TRUE">0</atprecis><attscale Sync="TRUE">0</attscale></attr><attr><attrlabl Sync="TRUE">NAME10</attrlabl><attalias Sync="TRUE">NAME10</attalias><attrtype Sync="TRUE">String</attrtype><attwidth Sync="TRUE">100</attwidth><atprecis Sync="TRUE">0</atprecis><attscale Sync="TRUE">0</attscale></attr><attr><attrlabl Sync="TRUE">ALAND10</attrlabl><attalias Sync="TRUE">ALAND10</attalias><attrtype Sync="TRUE">Double</attrtype><attwidth Sync="TRUE">8</attwidth><atprecis Sync="TRUE">0</atprecis><attscale Sync="TRUE">0</attscale></attr><attr><attrlabl Sync="TRUE">AWATER10</attrlabl><attalias Sync="TRUE">AWATER10</attalias><attrtype Sync="TRUE">Double</attrtype><attwidth Sync="TRUE">8</attwidth><atprecis Sync="TRUE">0</atprecis><attscale Sync="TRUE">0</attscale></attr><attr><attrlabl Sync="TRUE">INTPTLAT10</attrlabl><attalias Sync="TRUE">INTPTLAT10</attalias><attrtype Sync="TRUE">String</attrtype><attwidth Sync="TRUE">11</attwidth><atprecis Sync="TRUE">0</atprecis><attscale Sync="TRUE">0</attscale></attr><attr><attrlabl Sync="TRUE">INTPTLON10</attrlabl><attalias Sync="TRUE">INTPTLON10</attalias><attrtype Sync="TRUE">String</attrtype><attwidth Sync="TRUE">12</attwidth><atprecis Sync="TRUE">0</atprecis><attscale Sync="TRUE">0</attscale></attr><attr><attrlabl Sync="TRUE">DP0010001</attrlabl><attalias Sync="TRUE">DP0010001</attalias><attrtype Sync="TRUE">Integer</attrtype><attwidth Sync="TRUE">4</attwidth><atprecis Sync="TRUE">0</atprecis><attscale Sync="TRUE">0</attscale></attr><attr><attrlabl Sync="TRUE">DP0010002</attrlabl><attalias Sync="TRUE">DP0010002</attalias><attrtype Sync="TRUE">Integer</attrtype><attwidth Sync="TRUE">4</attwidth><atprecis Sync="TRUE">0</atprecis><attscale Sync="TRUE">0</attscale></attr><attr><attrlabl Sync="TRUE">DP0010003</attrlabl><attalias Sync="TRUE">DP0010003</attalias><attrtype Sync="TRUE">Integer</attrtype><attwidth Sync="TRUE">4</attwidth><atprecis Sync="TRUE">0</atprecis><attscale Sync="TRUE">0</attscale></attr><attr><attrlabl Sync="TRUE">DP0010004</attrlabl><attalias Sync="TRUE">DP0010004</attalias><attrtype Sync="TRUE">Integer</attrtype><attwidth Sync="TRUE">4</attwidth><atprecis Sync="TRUE">0</atprecis><attscale Sync="TRUE">0</attscale></attr><attr><attrlabl Sync="TRUE">DP0010005</attrlabl><attalias Sync="TRUE">DP0010005</attalias><attrtype Sync="TRUE">Integer</attrtype><attwidth Sync="TRUE">4</attwidth><atprecis Sync="TRUE">0</atprecis><attscale Sync="TRUE">0</attscale></attr><attr><attrlabl Sync="TRUE">DP0010006</attrlabl><attalias Sync="TRUE">DP0010006</attalias><attrtype Sync="TRUE">Integer</attrtype><attwidth Sync="TRUE">4</attwidth><atprecis Sync="TRUE">0</atprecis><attscale Sync="TRUE">0</attscale></attr><attr><attrlabl Sync="TRUE">DP0010007</attrlabl><attalias Sync="TRUE">DP0010007</attalias><attrtype Sync="TRUE">Integer</attrtype><attwidth Sync="TRUE">4</attwidth><atprecis Sync="TRUE">0</atprecis><attscale Sync="TRUE">0</attscale></attr><attr><attrlabl Sync="TRUE">DP0010008</attrlabl><attalias Sync="TRUE">DP0010008</attalias><attrtype Sync="TRUE">Integer</attrtype><attwidth Sync="TRUE">4</attwidth><atprecis Sync="TRUE">0</atprecis><attscale Sync="TRUE">0</attscale></attr><attr><attrlabl Sync="TRUE">DP0010009</attrlabl><attalias Sync="TRUE">DP0010009</attalias><attrtype Sync="TRUE">Integer</attrtype><attwidth Sync="TRUE">4</attwidth><atprecis Sync="TRUE">0</atprecis><attscale Sync="TRUE">0</attscale></attr><attr><attrlabl Sync="TRUE">DP0010010</attrlabl><attalias Sync="TRUE">DP0010010</attalias><attrtype Sync="TRUE">Integer</attrtype><attwidth Sync="TRUE">4</attwidth><atprecis Sync="TRUE">0</atprecis><attscale Sync="TRUE">0</attscale></attr><attr><attrlabl Sync="TRUE">DP0010011</attrlabl><attalias Sync="TRUE">DP0010011</attalias><attrtype Sync="TRUE">Integer</attrtype><attwidth Sync="TRUE">4</attwidth><atprecis Sync="TRUE">0</atprecis><attscale Sync="TRUE">0</attscale></attr><attr><attrlabl Sync="TRUE">DP0010012</attrlabl><attalias Sync="TRUE">DP0010012</attalias><attrtype Sync="TRUE">Integer</attrtype><attwidth Sync="TRUE">4</attwidth><atprecis Sync="TRUE">0</atprecis><attscale Sync="TRUE">0</attscale></attr><attr><attrlabl Sync="TRUE">DP0010013</attrlabl><attalias Sync="TRUE">DP0010013</attalias><attrtype Sync="TRUE">Integer</attrtype><attwidth Sync="TRUE">4</attwidth><atprecis Sync="TRUE">0</atprecis><attscale Sync="TRUE">0</attscale></attr><attr><attrlabl Sync="TRUE">DP0010014</attrlabl><attalias Sync="TRUE">DP0010014</attalias><attrtype Sync="TRUE">Integer</attrtype><attwidth Sync="TRUE">4</attwidth><atprecis Sync="TRUE">0</atprecis><attscale Sync="TRUE">0</attscale></attr><attr><attrlabl Sync="TRUE">DP0010015</attrlabl><attalias Sync="TRUE">DP0010015</attalias><attrtype Sync="TRUE">Integer</attrtype><attwidth Sync="TRUE">4</attwidth><atprecis Sync="TRUE">0</atprecis><attscale Sync="TRUE">0</attscale></attr><attr><attrlabl Sync="TRUE">DP0010016</attrlabl><attalias Sync="TRUE">DP0010016</attalias><attrtype Sync="TRUE">Integer</attrtype><attwidth Sync="TRUE">4</attwidth><atprecis Sync="TRUE">0</atprecis><attscale Sync="TRUE">0</attscale></attr><attr><attrlabl Sync="TRUE">DP0010017</attrlabl><attalias Sync="TRUE">DP0010017</attalias><attrtype Sync="TRUE">Integer</attrtype><attwidth Sync="TRUE">4</attwidth><atprecis Sync="TRUE">0</atprecis><attscale Sync="TRUE">0</attscale></attr><attr><attrlabl Sync="TRUE">DP0010018</attrlabl><attalias Sync="TRUE">DP0010018</attalias><attrtype Sync="TRUE">Integer</attrtype><attwidth Sync="TRUE">4</attwidth><atprecis Sync="TRUE">0</atprecis><attscale Sync="TRUE">0</attscale></attr><attr><attrlabl Sync="TRUE">DP0010019</attrlabl><attalias Sync="TRUE">DP0010019</attalias><attrtype Sync="TRUE">Integer</attrtype><attwidth Sync="TRUE">4</attwidth><atprecis Sync="TRUE">0</atprecis><attscale Sync="TRUE">0</attscale></attr><attr><attrlabl Sync="TRUE">DP0010020</attrlabl><attalias Sync="TRUE">DP0010020</attalias><attrtype Sync="TRUE">Integer</attrtype><attwidth Sync="TRUE">4</attwidth><atprecis Sync="TRUE">0</atprecis><attscale Sync="TRUE">0</attscale></attr><attr><attrlabl Sync="TRUE">DP0010021</attrlabl><attalias Sync="TRUE">DP0010021</attalias><attrtype Sync="TRUE">Integer</attrtype><attwidth Sync="TRUE">4</attwidth><atprecis Sync="TRUE">0</atprecis><attscale Sync="TRUE">0</attscale></attr><attr><attrlabl Sync="TRUE">DP0010022</attrlabl><attalias Sync="TRUE">DP0010022</attalias><attrtype Sync="TRUE">Integer</attrtype><attwidth Sync="TRUE">4</attwidth><atprecis Sync="TRUE">0</atprecis><attscale Sync="TRUE">0</attscale></attr><attr><attrlabl Sync="TRUE">DP0010023</attrlabl><attalias Sync="TRUE">DP0010023</attalias><attrtype Sync="TRUE">Integer</attrtype><attwidth Sync="TRUE">4</attwidth><atprecis Sync="TRUE">0</atprecis><attscale Sync="TRUE">0</attscale></attr><attr><attrlabl Sync="TRUE">DP0010024</attrlabl><attalias Sync="TRUE">DP0010024</attalias><attrtype Sync="TRUE">Integer</attrtype><attwidth Sync="TRUE">4</attwidth><atprecis Sync="TRUE">0</atprecis><attscale Sync="TRUE">0</attscale></attr><attr><attrlabl Sync="TRUE">DP0010025</attrlabl><attalias Sync="TRUE">DP0010025</attalias><attrtype Sync="TRUE">Integer</attrtype><attwidth Sync="TRUE">4</attwidth><atprecis Sync="TRUE">0</atprecis><attscale Sync="TRUE">0</attscale></attr><attr><attrlabl Sync="TRUE">DP0010026</attrlabl><attalias Sync="TRUE">DP0010026</attalias><attrtype Sync="TRUE">Integer</attrtype><attwidth Sync="TRUE">4</attwidth><atprecis Sync="TRUE">0</atprecis><attscale Sync="TRUE">0</attscale></attr><attr><attrlabl Sync="TRUE">DP0010027</attrlabl><attalias Sync="TRUE">DP0010027</attalias><attrtype Sync="TRUE">Integer</attrtype><attwidth Sync="TRUE">4</attwidth><atprecis Sync="TRUE">0</atprecis><attscale Sync="TRUE">0</attscale></attr><attr><attrlabl Sync="TRUE">DP0010028</attrlabl><attalias Sync="TRUE">DP0010028</attalias><attrtype Sync="TRUE">Integer</attrtype><attwidth Sync="TRUE">4</attwidth><atprecis Sync="TRUE">0</atprecis><attscale Sync="TRUE">0</attscale></attr><attr><attrlabl Sync="TRUE">DP0010029</attrlabl><attalias Sync="TRUE">DP0010029</attalias><attrtype Sync="TRUE">Integer</attrtype><attwidth Sync="TRUE">4</attwidth><atprecis Sync="TRUE">0</atprecis><attscale Sync="TRUE">0</attscale></attr><attr><attrlabl Sync="TRUE">DP0010030</attrlabl><attalias Sync="TRUE">DP0010030</attalias><attrtype Sync="TRUE">Integer</attrtype><attwidth Sync="TRUE">4</attwidth><atprecis Sync="TRUE">0</atprecis><attscale Sync="TRUE">0</attscale></attr><attr><attrlabl Sync="TRUE">DP0010031</attrlabl><attalias Sync="TRUE">DP0010031</attalias><attrtype Sync="TRUE">Integer</attrtype><attwidth Sync="TRUE">4</attwidth><atprecis Sync="TRUE">0</atprecis><attscale Sync="TRUE">0</attscale></attr><attr><attrlabl Sync="TRUE">DP0010032</attrlabl><attalias Sync="TRUE">DP0010032</attalias><attrtype Sync="TRUE">Integer</attrtype><attwidth Sync="TRUE">4</attwidth><atprecis Sync="TRUE">0</atprecis><attscale Sync="TRUE">0</attscale></attr><attr><attrlabl Sync="TRUE">DP0010033</attrlabl><attalias Sync="TRUE">DP0010033</attalias><attrtype Sync="TRUE">Integer</attrtype><attwidth Sync="TRUE">4</attwidth><atprecis Sync="TRUE">0</atprecis><attscale Sync="TRUE">0</attscale></attr><attr><attrlabl Sync="TRUE">DP0010034</attrlabl><attalias Sync="TRUE">DP0010034</attalias><attrtype Sync="TRUE">Integer</attrtype><attwidth Sync="TRUE">4</attwidth><atprecis Sync="TRUE">0</atprecis><attscale Sync="TRUE">0</attscale></attr><attr><attrlabl Sync="TRUE">DP0010035</attrlabl><attalias Sync="TRUE">DP0010035</attalias><attrtype Sync="TRUE">Integer</attrtype><attwidth Sync="TRUE">4</attwidth><atprecis Sync="TRUE">0</atprecis><attscale Sync="TRUE">0</attscale></attr><attr><attrlabl Sync="TRUE">DP0010036</attrlabl><attalias Sync="TRUE">DP0010036</attalias><attrtype Sync="TRUE">Integer</attrtype><attwidth Sync="TRUE">4</attwidth><atprecis Sync="TRUE">0</atprecis><attscale Sync="TRUE">0</attscale></attr><attr><attrlabl Sync="TRUE">DP0010037</attrlabl><attalias Sync="TRUE">DP0010037</attalias><attrtype Sync="TRUE">Integer</attrtype><attwidth Sync="TRUE">4</attwidth><atprecis Sync="TRUE">0</atprecis><attscale Sync="TRUE">0</attscale></attr><attr><attrlabl Sync="TRUE">DP0010038</attrlabl><attalias Sync="TRUE">DP0010038</attalias><attrtype Sync="TRUE">Integer</attrtype><attwidth Sync="TRUE">4</attwidth><atprecis Sync="TRUE">0</atprecis><attscale Sync="TRUE">0</attscale></attr><attr><attrlabl Sync="TRUE">DP0010039</attrlabl><attalias Sync="TRUE">DP0010039</attalias><attrtype Sync="TRUE">Integer</attrtype><attwidth Sync="TRUE">4</attwidth><atprecis Sync="TRUE">0</atprecis><attscale Sync="TRUE">0</attscale></attr><attr><attrlabl Sync="TRUE">DP0010040</attrlabl><attalias Sync="TRUE">DP0010040</attalias><attrtype Sync="TRUE">Integer</attrtype><attwidth Sync="TRUE">4</attwidth><atprecis Sync="TRUE">0</atprecis><attscale Sync="TRUE">0</attscale></attr><attr><attrlabl Sync="TRUE">DP0010041</attrlabl><attalias Sync="TRUE">DP0010041</attalias><attrtype Sync="TRUE">Integer</attrtype><attwidth Sync="TRUE">4</attwidth><atprecis Sync="TRUE">0</atprecis><attscale Sync="TRUE">0</attscale></attr><attr><attrlabl Sync="TRUE">DP0010042</attrlabl><attalias Sync="TRUE">DP0010042</attalias><attrtype Sync="TRUE">Integer</attrtype><attwidth Sync="TRUE">4</attwidth><atprecis Sync="TRUE">0</atprecis><attscale Sync="TRUE">0</attscale></attr><attr><attrlabl Sync="TRUE">DP0010043</attrlabl><attalias Sync="TRUE">DP0010043</attalias><attrtype Sync="TRUE">Integer</attrtype><attwidth Sync="TRUE">4</attwidth><atprecis Sync="TRUE">0</atprecis><attscale Sync="TRUE">0</attscale></attr><attr><attrlabl Sync="TRUE">DP0010044</attrlabl><attalias Sync="TRUE">DP0010044</attalias><attrtype Sync="TRUE">Integer</attrtype><attwidth Sync="TRUE">4</attwidth><atprecis Sync="TRUE">0</atprecis><attscale Sync="TRUE">0</attscale></attr><attr><attrlabl Sync="TRUE">DP0010045</attrlabl><attalias Sync="TRUE">DP0010045</attalias><attrtype Sync="TRUE">Integer</attrtype><attwidth Sync="TRUE">4</attwidth><atprecis Sync="TRUE">0</atprecis><attscale Sync="TRUE">0</attscale></attr><attr><attrlabl Sync="TRUE">DP0010046</attrlabl><attalias Sync="TRUE">DP0010046</attalias><attrtype Sync="TRUE">Integer</attrtype><attwidth Sync="TRUE">4</attwidth><atprecis Sync="TRUE">0</atprecis><attscale Sync="TRUE">0</attscale></attr><attr><attrlabl Sync="TRUE">DP0010047</attrlabl><attalias Sync="TRUE">DP0010047</attalias><attrtype Sync="TRUE">Integer</attrtype><attwidth Sync="TRUE">4</attwidth><atprecis Sync="TRUE">0</atprecis><attscale Sync="TRUE">0</attscale></attr><attr><attrlabl Sync="TRUE">DP0010048</attrlabl><attalias Sync="TRUE">DP0010048</attalias><attrtype Sync="TRUE">Integer</attrtype><attwidth Sync="TRUE">4</attwidth><atprecis Sync="TRUE">0</atprecis><attscale Sync="TRUE">0</attscale></attr><attr><attrlabl Sync="TRUE">DP0010049</attrlabl><attalias Sync="TRUE">DP0010049</attalias><attrtype Sync="TRUE">Integer</attrtype><attwidth Sync="TRUE">4</attwidth><atprecis Sync="TRUE">0</atprecis><attscale Sync="TRUE">0</attscale></attr><attr><attrlabl Sync="TRUE">DP0010050</attrlabl><attalias Sync="TRUE">DP0010050</attalias><attrtype Sync="TRUE">Integer</attrtype><attwidth Sync="TRUE">4</attwidth><atprecis Sync="TRUE">0</atprecis><attscale Sync="TRUE">0</attscale></attr><attr><attrlabl Sync="TRUE">DP0010051</attrlabl><attalias Sync="TRUE">DP0010051</attalias><attrtype Sync="TRUE">Integer</attrtype><attwidth Sync="TRUE">4</attwidth><atprecis Sync="TRUE">0</atprecis><attscale Sync="TRUE">0</attscale></attr><attr><attrlabl Sync="TRUE">DP0010052</attrlabl><attalias Sync="TRUE">DP0010052</attalias><attrtype Sync="TRUE">Integer</attrtype><attwidth Sync="TRUE">4</attwidth><atprecis Sync="TRUE">0</atprecis><attscale Sync="TRUE">0</attscale></attr><attr><attrlabl Sync="TRUE">DP0010053</attrlabl><attalias Sync="TRUE">DP0010053</attalias><attrtype Sync="TRUE">Integer</attrtype><attwidth Sync="TRUE">4</attwidth><atprecis Sync="TRUE">0</atprecis><attscale Sync="TRUE">0</attscale></attr><attr><attrlabl Sync="TRUE">DP0010054</attrlabl><attalias Sync="TRUE">DP0010054</attalias><attrtype Sync="TRUE">Integer</attrtype><attwidth Sync="TRUE">4</attwidth><atprecis Sync="TRUE">0</atprecis><attscale Sync="TRUE">0</attscale></attr><attr><attrlabl Sync="TRUE">DP0010055</attrlabl><attalias Sync="TRUE">DP0010055</attalias><attrtype Sync="TRUE">Integer</attrtype><attwidth Sync="TRUE">4</attwidth><atprecis Sync="TRUE">0</atprecis><attscale Sync="TRUE">0</attscale></attr><attr><attrlabl Sync="TRUE">DP0010056</attrlabl><attalias Sync="TRUE">DP0010056</attalias><attrtype Sync="TRUE">Integer</attrtype><attwidth Sync="TRUE">4</attwidth><atprecis Sync="TRUE">0</atprecis><attscale Sync="TRUE">0</attscale></attr><attr><attrlabl Sync="TRUE">DP0010057</attrlabl><attalias Sync="TRUE">DP0010057</attalias><attrtype Sync="TRUE">Integer</attrtype><attwidth Sync="TRUE">4</attwidth><atprecis Sync="TRUE">0</atprecis><attscale Sync="TRUE">0</attscale></attr><attr><attrlabl Sync="TRUE">DP0020001</attrlabl><attalias Sync="TRUE">DP0020001</attalias><attrtype Sync="TRUE">Double</attrtype><attwidth Sync="TRUE">8</attwidth><atprecis Sync="TRUE">0</atprecis><attscale Sync="TRUE">0</attscale></attr><attr><attrlabl Sync="TRUE">DP0020002</attrlabl><attalias Sync="TRUE">DP0020002</attalias><attrtype Sync="TRUE">Double</attrtype><attwidth Sync="TRUE">8</attwidth><atprecis Sync="TRUE">0</atprecis><attscale Sync="TRUE">0</attscale></attr><attr><attrlabl Sync="TRUE">DP0020003</attrlabl><attalias Sync="TRUE">DP0020003</attalias><attrtype Sync="TRUE">Double</attrtype><attwidth Sync="TRUE">8</attwidth><atprecis Sync="TRUE">0</atprecis><attscale Sync="TRUE">0</attscale></attr><attr><attrlabl Sync="TRUE">DP0030001</attrlabl><attalias Sync="TRUE">DP0030001</attalias><attrtype Sync="TRUE">Integer</attrtype><attwidth Sync="TRUE">4</attwidth><atprecis Sync="TRUE">0</atprecis><attscale Sync="TRUE">0</attscale></attr><attr><attrlabl Sync="TRUE">DP0030002</attrlabl><attalias Sync="TRUE">DP0030002</attalias><attrtype Sync="TRUE">Integer</attrtype><attwidth Sync="TRUE">4</attwidth><atprecis Sync="TRUE">0</atprecis><attscale Sync="TRUE">0</attscale></attr><attr><attrlabl Sync="TRUE">DP0030003</attrlabl><attalias Sync="TRUE">DP0030003</attalias><attrtype Sync="TRUE">Integer</attrtype><attwidth Sync="TRUE">4</attwidth><atprecis Sync="TRUE">0</atprecis><attscale Sync="TRUE">0</attscale></attr><attr><attrlabl Sync="TRUE">DP0040001</attrlabl><attalias Sync="TRUE">DP0040001</attalias><attrtype Sync="TRUE">Integer</attrtype><attwidth Sync="TRUE">4</attwidth><atprecis Sync="TRUE">0</atprecis><attscale Sync="TRUE">0</attscale></attr><attr><attrlabl Sync="TRUE">DP0040002</attrlabl><attalias Sync="TRUE">DP0040002</attalias><attrtype Sync="TRUE">Integer</attrtype><attwidth Sync="TRUE">4</attwidth><atprecis Sync="TRUE">0</atprecis><attscale Sync="TRUE">0</attscale></attr><attr><attrlabl Sync="TRUE">DP0040003</attrlabl><attalias Sync="TRUE">DP0040003</attalias><attrtype Sync="TRUE">Integer</attrtype><attwidth Sync="TRUE">4</attwidth><atprecis Sync="TRUE">0</atprecis><attscale Sync="TRUE">0</attscale></attr><attr><attrlabl Sync="TRUE">DP0050001</attrlabl><attalias Sync="TRUE">DP0050001</attalias><attrtype Sync="TRUE">Integer</attrtype><attwidth Sync="TRUE">4</attwidth><atprecis Sync="TRUE">0</atprecis><attscale Sync="TRUE">0</attscale></attr><attr><attrlabl Sync="TRUE">DP0050002</attrlabl><attalias Sync="TRUE">DP0050002</attalias><attrtype Sync="TRUE">Integer</attrtype><attwidth Sync="TRUE">4</attwidth><atprecis Sync="TRUE">0</atprecis><attscale Sync="TRUE">0</attscale></attr><attr><attrlabl Sync="TRUE">DP0050003</attrlabl><attalias Sync="TRUE">DP0050003</attalias><attrtype Sync="TRUE">Integer</attrtype><attwidth Sync="TRUE">4</attwidth><atprecis Sync="TRUE">0</atprecis><attscale Sync="TRUE">0</attscale></attr><attr><attrlabl Sync="TRUE">DP0060001</attrlabl><attalias Sync="TRUE">DP0060001</attalias><attrtype Sync="TRUE">Integer</attrtype><attwidth Sync="TRUE">4</attwidth><atprecis Sync="TRUE">0</atprecis><attscale Sync="TRUE">0</attscale></attr><attr><attrlabl Sync="TRUE">DP0060002</attrlabl><attalias Sync="TRUE">DP0060002</attalias><attrtype Sync="TRUE">Integer</attrtype><attwidth Sync="TRUE">4</attwidth><atprecis Sync="TRUE">0</atprecis><attscale Sync="TRUE">0</attscale></attr><attr><attrlabl Sync="TRUE">DP0060003</attrlabl><attalias Sync="TRUE">DP0060003</attalias><attrtype Sync="TRUE">Integer</attrtype><attwidth Sync="TRUE">4</attwidth><atprecis Sync="TRUE">0</atprecis><attscale Sync="TRUE">0</attscale></attr><attr><attrlabl Sync="TRUE">DP0070001</attrlabl><attalias Sync="TRUE">DP0070001</attalias><attrtype Sync="TRUE">Integer</attrtype><attwidth Sync="TRUE">4</attwidth><atprecis Sync="TRUE">0</atprecis><attscale Sync="TRUE">0</attscale></attr><attr><attrlabl Sync="TRUE">DP0070002</attrlabl><attalias Sync="TRUE">DP0070002</attalias><attrtype Sync="TRUE">Integer</attrtype><attwidth Sync="TRUE">4</attwidth><atprecis Sync="TRUE">0</atprecis><attscale Sync="TRUE">0</attscale></attr><attr><attrlabl Sync="TRUE">DP0070003</attrlabl><attalias Sync="TRUE">DP0070003</attalias><attrtype Sync="TRUE">Integer</attrtype><attwidth Sync="TRUE">4</attwidth><atprecis Sync="TRUE">0</atprecis><attscale Sync="TRUE">0</attscale></attr><attr><attrlabl Sync="TRUE">DP0080001</attrlabl><attalias Sync="TRUE">DP0080001</attalias><attrtype Sync="TRUE">Integer</attrtype><attwidth Sync="TRUE">4</attwidth><atprecis Sync="TRUE">0</atprecis><attscale Sync="TRUE">0</attscale></attr><attr><attrlabl Sync="TRUE">DP0080002</attrlabl><attalias Sync="TRUE">DP0080002</attalias><attrtype Sync="TRUE">Integer</attrtype><attwidth Sync="TRUE">4</attwidth><atprecis Sync="TRUE">0</atprecis><attscale Sync="TRUE">0</attscale></attr><attr><attrlabl Sync="TRUE">DP0080003</attrlabl><attalias Sync="TRUE">DP0080003</attalias><attrtype Sync="TRUE">Integer</attrtype><attwidth Sync="TRUE">4</attwidth><atprecis Sync="TRUE">0</atprecis><attscale Sync="TRUE">0</attscale></attr><attr><attrlabl Sync="TRUE">DP0080004</attrlabl><attalias Sync="TRUE">DP0080004</attalias><attrtype Sync="TRUE">Integer</attrtype><attwidth Sync="TRUE">4</attwidth><atprecis Sync="TRUE">0</atprecis><attscale Sync="TRUE">0</attscale></attr><attr><attrlabl Sync="TRUE">DP0080005</attrlabl><attalias Sync="TRUE">DP0080005</attalias><attrtype Sync="TRUE">Integer</attrtype><attwidth Sync="TRUE">4</attwidth><atprecis Sync="TRUE">0</atprecis><attscale Sync="TRUE">0</attscale></attr><attr><attrlabl Sync="TRUE">DP0080006</attrlabl><attalias Sync="TRUE">DP0080006</attalias><attrtype Sync="TRUE">Integer</attrtype><attwidth Sync="TRUE">4</attwidth><atprecis Sync="TRUE">0</atprecis><attscale Sync="TRUE">0</attscale></attr><attr><attrlabl Sync="TRUE">DP0080007</attrlabl><attalias Sync="TRUE">DP0080007</attalias><attrtype Sync="TRUE">Integer</attrtype><attwidth Sync="TRUE">4</attwidth><atprecis Sync="TRUE">0</atprecis><attscale Sync="TRUE">0</attscale></attr><attr><attrlabl Sync="TRUE">DP0080008</attrlabl><attalias Sync="TRUE">DP0080008</attalias><attrtype Sync="TRUE">Integer</attrtype><attwidth Sync="TRUE">4</attwidth><atprecis Sync="TRUE">0</atprecis><attscale Sync="TRUE">0</attscale></attr><attr><attrlabl Sync="TRUE">DP0080009</attrlabl><attalias Sync="TRUE">DP0080009</attalias><attrtype Sync="TRUE">Integer</attrtype><attwidth Sync="TRUE">4</attwidth><atprecis Sync="TRUE">0</atprecis><attscale Sync="TRUE">0</attscale></attr><attr><attrlabl Sync="TRUE">DP0080010</attrlabl><attalias Sync="TRUE">DP0080010</attalias><attrtype Sync="TRUE">Integer</attrtype><attwidth Sync="TRUE">4</attwidth><atprecis Sync="TRUE">0</atprecis><attscale Sync="TRUE">0</attscale></attr><attr><attrlabl Sync="TRUE">DP0080011</attrlabl><attalias Sync="TRUE">DP0080011</attalias><attrtype Sync="TRUE">Integer</attrtype><attwidth Sync="TRUE">4</attwidth><atprecis Sync="TRUE">0</atprecis><attscale Sync="TRUE">0</attscale></attr><attr><attrlabl Sync="TRUE">DP0080012</attrlabl><attalias Sync="TRUE">DP0080012</attalias><attrtype Sync="TRUE">Integer</attrtype><attwidth Sync="TRUE">4</attwidth><atprecis Sync="TRUE">0</atprecis><attscale Sync="TRUE">0</attscale></attr><attr><attrlabl Sync="TRUE">DP0080013</attrlabl><attalias Sync="TRUE">DP0080013</attalias><attrtype Sync="TRUE">Integer</attrtype><attwidth Sync="TRUE">4</attwidth><atprecis Sync="TRUE">0</atprecis><attscale Sync="TRUE">0</attscale></attr><attr><attrlabl Sync="TRUE">DP0080014</attrlabl><attalias Sync="TRUE">DP0080014</attalias><attrtype Sync="TRUE">Integer</attrtype><attwidth Sync="TRUE">4</attwidth><atprecis Sync="TRUE">0</atprecis><attscale Sync="TRUE">0</attscale></attr><attr><attrlabl Sync="TRUE">DP0080015</attrlabl><attalias Sync="TRUE">DP0080015</attalias><attrtype Sync="TRUE">Integer</attrtype><attwidth Sync="TRUE">4</attwidth><atprecis Sync="TRUE">0</atprecis><attscale Sync="TRUE">0</attscale></attr><attr><attrlabl Sync="TRUE">DP0080016</attrlabl><attalias Sync="TRUE">DP0080016</attalias><attrtype Sync="TRUE">Integer</attrtype><attwidth Sync="TRUE">4</attwidth><atprecis Sync="TRUE">0</atprecis><attscale Sync="TRUE">0</attscale></attr><attr><attrlabl Sync="TRUE">DP0080017</attrlabl><attalias Sync="TRUE">DP0080017</attalias><attrtype Sync="TRUE">Integer</attrtype><attwidth Sync="TRUE">4</attwidth><atprecis Sync="TRUE">0</atprecis><attscale Sync="TRUE">0</attscale></attr><attr><attrlabl Sync="TRUE">DP0080018</attrlabl><attalias Sync="TRUE">DP0080018</attalias><attrtype Sync="TRUE">Integer</attrtype><attwidth Sync="TRUE">4</attwidth><atprecis Sync="TRUE">0</atprecis><attscale Sync="TRUE">0</attscale></attr><attr><attrlabl Sync="TRUE">DP0080019</attrlabl><attalias Sync="TRUE">DP0080019</attalias><attrtype Sync="TRUE">Integer</attrtype><attwidth Sync="TRUE">4</attwidth><atprecis Sync="TRUE">0</atprecis><attscale Sync="TRUE">0</attscale></attr><attr><attrlabl Sync="TRUE">DP0080020</attrlabl><attalias Sync="TRUE">DP0080020</attalias><attrtype Sync="TRUE">Integer</attrtype><attwidth Sync="TRUE">4</attwidth><atprecis Sync="TRUE">0</atprecis><attscale Sync="TRUE">0</attscale></attr><attr><attrlabl Sync="TRUE">DP0080021</attrlabl><attalias Sync="TRUE">DP0080021</attalias><attrtype Sync="TRUE">Integer</attrtype><attwidth Sync="TRUE">4</attwidth><atprecis Sync="TRUE">0</atprecis><attscale Sync="TRUE">0</attscale></attr><attr><attrlabl Sync="TRUE">DP0080022</attrlabl><attalias Sync="TRUE">DP0080022</attalias><attrtype Sync="TRUE">Integer</attrtype><attwidth Sync="TRUE">4</attwidth><atprecis Sync="TRUE">0</atprecis><attscale Sync="TRUE">0</attscale></attr><attr><attrlabl Sync="TRUE">DP0080023</attrlabl><attalias Sync="TRUE">DP0080023</attalias><attrtype Sync="TRUE">Integer</attrtype><attwidth Sync="TRUE">4</attwidth><atprecis Sync="TRUE">0</atprecis><attscale Sync="TRUE">0</attscale></attr><attr><attrlabl Sync="TRUE">DP0080024</attrlabl><attalias Sync="TRUE">DP0080024</attalias><attrtype Sync="TRUE">Integer</attrtype><attwidth Sync="TRUE">4</attwidth><atprecis Sync="TRUE">0</atprecis><attscale Sync="TRUE">0</attscale></attr><attr><attrlabl Sync="TRUE">DP0090001</attrlabl><attalias Sync="TRUE">DP0090001</attalias><attrtype Sync="TRUE">Integer</attrtype><attwidth Sync="TRUE">4</attwidth><atprecis Sync="TRUE">0</atprecis><attscale Sync="TRUE">0</attscale></attr><attr><attrlabl Sync="TRUE">DP0090002</attrlabl><attalias Sync="TRUE">DP0090002</attalias><attrtype Sync="TRUE">Integer</attrtype><attwidth Sync="TRUE">4</attwidth><atprecis Sync="TRUE">0</atprecis><attscale Sync="TRUE">0</attscale></attr><attr><attrlabl Sync="TRUE">DP0090003</attrlabl><attalias Sync="TRUE">DP0090003</attalias><attrtype Sync="TRUE">Integer</attrtype><attwidth Sync="TRUE">4</attwidth><atprecis Sync="TRUE">0</atprecis><attscale Sync="TRUE">0</attscale></attr><attr><attrlabl Sync="TRUE">DP0090004</attrlabl><attalias Sync="TRUE">DP0090004</attalias><attrtype Sync="TRUE">Integer</attrtype><attwidth Sync="TRUE">4</attwidth><atprecis Sync="TRUE">0</atprecis><attscale Sync="TRUE">0</attscale></attr><attr><attrlabl Sync="TRUE">DP0090005</attrlabl><attalias Sync="TRUE">DP0090005</attalias><attrtype Sync="TRUE">Integer</attrtype><attwidth Sync="TRUE">4</attwidth><atprecis Sync="TRUE">0</atprecis><attscale Sync="TRUE">0</attscale></attr><attr><attrlabl Sync="TRUE">DP0090006</attrlabl><attalias Sync="TRUE">DP0090006</attalias><attrtype Sync="TRUE">Integer</attrtype><attwidth Sync="TRUE">4</attwidth><atprecis Sync="TRUE">0</atprecis><attscale Sync="TRUE">0</attscale></attr><attr><attrlabl Sync="TRUE">DP0100001</attrlabl><attalias Sync="TRUE">DP0100001</attalias><attrtype Sync="TRUE">Integer</attrtype><attwidth Sync="TRUE">4</attwidth><atprecis Sync="TRUE">0</atprecis><attscale Sync="TRUE">0</attscale></attr><attr><attrlabl Sync="TRUE">DP0100002</attrlabl><attalias Sync="TRUE">DP0100002</attalias><attrtype Sync="TRUE">Integer</attrtype><attwidth Sync="TRUE">4</attwidth><atprecis Sync="TRUE">0</atprecis><attscale Sync="TRUE">0</attscale></attr><attr><attrlabl Sync="TRUE">DP0100003</attrlabl><attalias Sync="TRUE">DP0100003</attalias><attrtype Sync="TRUE">Integer</attrtype><attwidth Sync="TRUE">4</attwidth><atprecis Sync="TRUE">0</atprecis><attscale Sync="TRUE">0</attscale></attr><attr><attrlabl Sync="TRUE">DP0100004</attrlabl><attalias Sync="TRUE">DP0100004</attalias><attrtype Sync="TRUE">Integer</attrtype><attwidth Sync="TRUE">4</attwidth><atprecis Sync="TRUE">0</atprecis><attscale Sync="TRUE">0</attscale></attr><attr><attrlabl Sync="TRUE">DP0100005</attrlabl><attalias Sync="TRUE">DP0100005</attalias><attrtype Sync="TRUE">Integer</attrtype><attwidth Sync="TRUE">4</attwidth><atprecis Sync="TRUE">0</atprecis><attscale Sync="TRUE">0</attscale></attr><attr><attrlabl Sync="TRUE">DP0100006</attrlabl><attalias Sync="TRUE">DP0100006</attalias><attrtype Sync="TRUE">Integer</attrtype><attwidth Sync="TRUE">4</attwidth><atprecis Sync="TRUE">0</atprecis><attscale Sync="TRUE">0</attscale></attr><attr><attrlabl Sync="TRUE">DP0100007</attrlabl><attalias Sync="TRUE">DP0100007</attalias><attrtype Sync="TRUE">Integer</attrtype><attwidth Sync="TRUE">4</attwidth><atprecis Sync="TRUE">0</atprecis><attscale Sync="TRUE">0</attscale></attr><attr><attrlabl Sync="TRUE">DP0110001</attrlabl><attalias Sync="TRUE">DP0110001</attalias><attrtype Sync="TRUE">Integer</attrtype><attwidth Sync="TRUE">4</attwidth><atprecis Sync="TRUE">0</atprecis><attscale Sync="TRUE">0</attscale></attr><attr><attrlabl Sync="TRUE">DP0110002</attrlabl><attalias Sync="TRUE">DP0110002</attalias><attrtype Sync="TRUE">Integer</attrtype><attwidth Sync="TRUE">4</attwidth><atprecis Sync="TRUE">0</atprecis><attscale Sync="TRUE">0</attscale></attr><attr><attrlabl Sync="TRUE">DP0110003</attrlabl><attalias Sync="TRUE">DP0110003</attalias><attrtype Sync="TRUE">Integer</attrtype><attwidth Sync="TRUE">4</attwidth><atprecis Sync="TRUE">0</atprecis><attscale Sync="TRUE">0</attscale></attr><attr><attrlabl Sync="TRUE">DP0110004</attrlabl><attalias Sync="TRUE">DP0110004</attalias><attrtype Sync="TRUE">Integer</attrtype><attwidth Sync="TRUE">4</attwidth><atprecis Sync="TRUE">0</atprecis><attscale Sync="TRUE">0</attscale></attr><attr><attrlabl Sync="TRUE">DP0110005</attrlabl><attalias Sync="TRUE">DP0110005</attalias><attrtype Sync="TRUE">Integer</attrtype><attwidth Sync="TRUE">4</attwidth><atprecis Sync="TRUE">0</atprecis><attscale Sync="TRUE">0</attscale></attr><attr><attrlabl Sync="TRUE">DP0110006</attrlabl><attalias Sync="TRUE">DP0110006</attalias><attrtype Sync="TRUE">Integer</attrtype><attwidth Sync="TRUE">4</attwidth><atprecis Sync="TRUE">0</atprecis><attscale Sync="TRUE">0</attscale></attr><attr><attrlabl Sync="TRUE">DP0110007</attrlabl><attalias Sync="TRUE">DP0110007</attalias><attrtype Sync="TRUE">Integer</attrtype><attwidth Sync="TRUE">4</attwidth><atprecis Sync="TRUE">0</atprecis><attscale Sync="TRUE">0</attscale></attr><attr><attrlabl Sync="TRUE">DP0110008</attrlabl><attalias Sync="TRUE">DP0110008</attalias><attrtype Sync="TRUE">Integer</attrtype><attwidth Sync="TRUE">4</attwidth><atprecis Sync="TRUE">0</atprecis><attscale Sync="TRUE">0</attscale></attr><attr><attrlabl Sync="TRUE">DP0110009</attrlabl><attalias Sync="TRUE">DP0110009</attalias><attrtype Sync="TRUE">Integer</attrtype><attwidth Sync="TRUE">4</attwidth><atprecis Sync="TRUE">0</atprecis><attscale Sync="TRUE">0</attscale></attr><attr><attrlabl Sync="TRUE">DP0110010</attrlabl><attalias Sync="TRUE">DP0110010</attalias><attrtype Sync="TRUE">Integer</attrtype><attwidth Sync="TRUE">4</attwidth><atprecis Sync="TRUE">0</atprecis><attscale Sync="TRUE">0</attscale></attr><attr><attrlabl Sync="TRUE">DP0110011</attrlabl><attalias Sync="TRUE">DP0110011</attalias><attrtype Sync="TRUE">Integer</attrtype><attwidth Sync="TRUE">4</attwidth><atprecis Sync="TRUE">0</atprecis><attscale Sync="TRUE">0</attscale></attr><attr><attrlabl Sync="TRUE">DP0110012</attrlabl><attalias Sync="TRUE">DP0110012</attalias><attrtype Sync="TRUE">Integer</attrtype><attwidth Sync="TRUE">4</attwidth><atprecis Sync="TRUE">0</atprecis><attscale Sync="TRUE">0</attscale></attr><attr><attrlabl Sync="TRUE">DP0110013</attrlabl><attalias Sync="TRUE">DP0110013</attalias><attrtype Sync="TRUE">Integer</attrtype><attwidth Sync="TRUE">4</attwidth><atprecis Sync="TRUE">0</atprecis><attscale Sync="TRUE">0</attscale></attr><attr><attrlabl Sync="TRUE">DP0110014</attrlabl><attalias Sync="TRUE">DP0110014</attalias><attrtype Sync="TRUE">Integer</attrtype><attwidth Sync="TRUE">4</attwidth><atprecis Sync="TRUE">0</atprecis><attscale Sync="TRUE">0</attscale></attr><attr><attrlabl Sync="TRUE">DP0110015</attrlabl><attalias Sync="TRUE">DP0110015</attalias><attrtype Sync="TRUE">Integer</attrtype><attwidth Sync="TRUE">4</attwidth><atprecis Sync="TRUE">0</atprecis><attscale Sync="TRUE">0</attscale></attr><attr><attrlabl Sync="TRUE">DP0110016</attrlabl><attalias Sync="TRUE">DP0110016</attalias><attrtype Sync="TRUE">Integer</attrtype><attwidth Sync="TRUE">4</attwidth><atprecis Sync="TRUE">0</atprecis><attscale Sync="TRUE">0</attscale></attr><attr><attrlabl Sync="TRUE">DP0110017</attrlabl><attalias Sync="TRUE">DP0110017</attalias><attrtype Sync="TRUE">Integer</attrtype><attwidth Sync="TRUE">4</attwidth><atprecis Sync="TRUE">0</atprecis><attscale Sync="TRUE">0</attscale></attr><attr><attrlabl Sync="TRUE">DP0120001</attrlabl><attalias Sync="TRUE">DP0120001</attalias><attrtype Sync="TRUE">Integer</attrtype><attwidth Sync="TRUE">4</attwidth><atprecis Sync="TRUE">0</atprecis><attscale Sync="TRUE">0</attscale></attr><attr><attrlabl Sync="TRUE">DP0120002</attrlabl><attalias Sync="TRUE">DP0120002</attalias><attrtype Sync="TRUE">Integer</attrtype><attwidth Sync="TRUE">4</attwidth><atprecis Sync="TRUE">0</atprecis><attscale Sync="TRUE">0</attscale></attr><attr><attrlabl Sync="TRUE">DP0120003</attrlabl><attalias Sync="TRUE">DP0120003</attalias><attrtype Sync="TRUE">Integer</attrtype><attwidth Sync="TRUE">4</attwidth><atprecis Sync="TRUE">0</atprecis><attscale Sync="TRUE">0</attscale></attr><attr><attrlabl Sync="TRUE">DP0120004</attrlabl><attalias Sync="TRUE">DP0120004</attalias><attrtype Sync="TRUE">Integer</attrtype><attwidth Sync="TRUE">4</attwidth><atprecis Sync="TRUE">0</atprecis><attscale Sync="TRUE">0</attscale></attr><attr><attrlabl Sync="TRUE">DP0120005</attrlabl><attalias Sync="TRUE">DP0120005</attalias><attrtype Sync="TRUE">Integer</attrtype><attwidth Sync="TRUE">4</attwidth><atprecis Sync="TRUE">0</atprecis><attscale Sync="TRUE">0</attscale></attr><attr><attrlabl Sync="TRUE">DP0120006</attrlabl><attalias Sync="TRUE">DP0120006</attalias><attrtype Sync="TRUE">Integer</attrtype><attwidth Sync="TRUE">4</attwidth><atprecis Sync="TRUE">0</atprecis><attscale Sync="TRUE">0</attscale></attr><attr><attrlabl Sync="TRUE">DP0120007</attrlabl><attalias Sync="TRUE">DP0120007</attalias><attrtype Sync="TRUE">Integer</attrtype><attwidth Sync="TRUE">4</attwidth><atprecis Sync="TRUE">0</atprecis><attscale Sync="TRUE">0</attscale></attr><attr><attrlabl Sync="TRUE">DP0120008</attrlabl><attalias Sync="TRUE">DP0120008</attalias><attrtype Sync="TRUE">Integer</attrtype><attwidth Sync="TRUE">4</attwidth><atprecis Sync="TRUE">0</atprecis><attscale Sync="TRUE">0</attscale></attr><attr><attrlabl Sync="TRUE">DP0120009</attrlabl><attalias Sync="TRUE">DP0120009</attalias><attrtype Sync="TRUE">Integer</attrtype><attwidth Sync="TRUE">4</attwidth><atprecis Sync="TRUE">0</atprecis><attscale Sync="TRUE">0</attscale></attr><attr><attrlabl Sync="TRUE">DP0120010</attrlabl><attalias Sync="TRUE">DP0120010</attalias><attrtype Sync="TRUE">Integer</attrtype><attwidth Sync="TRUE">4</attwidth><atprecis Sync="TRUE">0</atprecis><attscale Sync="TRUE">0</attscale></attr><attr><attrlabl Sync="TRUE">DP0120011</attrlabl><attalias Sync="TRUE">DP0120011</attalias><attrtype Sync="TRUE">Integer</attrtype><attwidth Sync="TRUE">4</attwidth><atprecis Sync="TRUE">0</atprecis><attscale Sync="TRUE">0</attscale></attr><attr><attrlabl Sync="TRUE">DP0120012</attrlabl><attalias Sync="TRUE">DP0120012</attalias><attrtype Sync="TRUE">Integer</attrtype><attwidth Sync="TRUE">4</attwidth><atprecis Sync="TRUE">0</atprecis><attscale Sync="TRUE">0</attscale></attr><attr><attrlabl Sync="TRUE">DP0120013</attrlabl><attalias Sync="TRUE">DP0120013</attalias><attrtype Sync="TRUE">Integer</attrtype><attwidth Sync="TRUE">4</attwidth><atprecis Sync="TRUE">0</atprecis><attscale Sync="TRUE">0</attscale></attr><attr><attrlabl Sync="TRUE">DP0120014</attrlabl><attalias Sync="TRUE">DP0120014</attalias><attrtype Sync="TRUE">Integer</attrtype><attwidth Sync="TRUE">4</attwidth><atprecis Sync="TRUE">0</atprecis><attscale Sync="TRUE">0</attscale></attr><attr><attrlabl Sync="TRUE">DP0120015</attrlabl><attalias Sync="TRUE">DP0120015</attalias><attrtype Sync="TRUE">Integer</attrtype><attwidth Sync="TRUE">4</attwidth><atprecis Sync="TRUE">0</atprecis><attscale Sync="TRUE">0</attscale></attr><attr><attrlabl Sync="TRUE">DP0120016</attrlabl><attalias Sync="TRUE">DP0120016</attalias><attrtype Sync="TRUE">Integer</attrtype><attwidth Sync="TRUE">4</attwidth><atprecis Sync="TRUE">0</atprecis><attscale Sync="TRUE">0</attscale></attr><attr><attrlabl Sync="TRUE">DP0120017</attrlabl><attalias Sync="TRUE">DP0120017</attalias><attrtype Sync="TRUE">Integer</attrtype><attwidth Sync="TRUE">4</attwidth><atprecis Sync="TRUE">0</atprecis><attscale Sync="TRUE">0</attscale></attr><attr><attrlabl Sync="TRUE">DP0120018</attrlabl><attalias Sync="TRUE">DP0120018</attalias><attrtype Sync="TRUE">Integer</attrtype><attwidth Sync="TRUE">4</attwidth><atprecis Sync="TRUE">0</atprecis><attscale Sync="TRUE">0</attscale></attr><attr><attrlabl Sync="TRUE">DP0120019</attrlabl><attalias Sync="TRUE">DP0120019</attalias><attrtype Sync="TRUE">Integer</attrtype><attwidth Sync="TRUE">4</attwidth><atprecis Sync="TRUE">0</atprecis><attscale Sync="TRUE">0</attscale></attr><attr><attrlabl Sync="TRUE">DP0120020</attrlabl><attalias Sync="TRUE">DP0120020</attalias><attrtype Sync="TRUE">Integer</attrtype><attwidth Sync="TRUE">4</attwidth><atprecis Sync="TRUE">0</atprecis><attscale Sync="TRUE">0</attscale></attr><attr><attrlabl Sync="TRUE">DP0130001</attrlabl><attalias Sync="TRUE">DP0130001</attalias><attrtype Sync="TRUE">Integer</attrtype><attwidth Sync="TRUE">4</attwidth><atprecis Sync="TRUE">0</atprecis><attscale Sync="TRUE">0</attscale></attr><attr><attrlabl Sync="TRUE">DP0130002</attrlabl><attalias Sync="TRUE">DP0130002</attalias><attrtype Sync="TRUE">Integer</attrtype><attwidth Sync="TRUE">4</attwidth><atprecis Sync="TRUE">0</atprecis><attscale Sync="TRUE">0</attscale></attr><attr><attrlabl Sync="TRUE">DP0130003</attrlabl><attalias Sync="TRUE">DP0130003</attalias><attrtype Sync="TRUE">Integer</attrtype><attwidth Sync="TRUE">4</attwidth><atprecis Sync="TRUE">0</atprecis><attscale Sync="TRUE">0</attscale></attr><attr><attrlabl Sync="TRUE">DP0130004</attrlabl><attalias Sync="TRUE">DP0130004</attalias><attrtype Sync="TRUE">Integer</attrtype><attwidth Sync="TRUE">4</attwidth><atprecis Sync="TRUE">0</atprecis><attscale Sync="TRUE">0</attscale></attr><attr><attrlabl Sync="TRUE">DP0130005</attrlabl><attalias Sync="TRUE">DP0130005</attalias><attrtype Sync="TRUE">Integer</attrtype><attwidth Sync="TRUE">4</attwidth><atprecis Sync="TRUE">0</atprecis><attscale Sync="TRUE">0</attscale></attr><attr><attrlabl Sync="TRUE">DP0130006</attrlabl><attalias Sync="TRUE">DP0130006</attalias><attrtype Sync="TRUE">Integer</attrtype><attwidth Sync="TRUE">4</attwidth><atprecis Sync="TRUE">0</atprecis><attscale Sync="TRUE">0</attscale></attr><attr><attrlabl Sync="TRUE">DP0130007</attrlabl><attalias Sync="TRUE">DP0130007</attalias><attrtype Sync="TRUE">Integer</attrtype><attwidth Sync="TRUE">4</attwidth><atprecis Sync="TRUE">0</atprecis><attscale Sync="TRUE">0</attscale></attr><attr><attrlabl Sync="TRUE">DP0130008</attrlabl><attalias Sync="TRUE">DP0130008</attalias><attrtype Sync="TRUE">Integer</attrtype><attwidth Sync="TRUE">4</attwidth><atprecis Sync="TRUE">0</atprecis><attscale Sync="TRUE">0</attscale></attr><attr><attrlabl Sync="TRUE">DP0130009</attrlabl><attalias Sync="TRUE">DP0130009</attalias><attrtype Sync="TRUE">Integer</attrtype><attwidth Sync="TRUE">4</attwidth><atprecis Sync="TRUE">0</atprecis><attscale Sync="TRUE">0</attscale></attr><attr><attrlabl Sync="TRUE">DP0130010</attrlabl><attalias Sync="TRUE">DP0130010</attalias><attrtype Sync="TRUE">Integer</attrtype><attwidth Sync="TRUE">4</attwidth><atprecis Sync="TRUE">0</atprecis><attscale Sync="TRUE">0</attscale></attr><attr><attrlabl Sync="TRUE">DP0130011</attrlabl><attalias Sync="TRUE">DP0130011</attalias><attrtype Sync="TRUE">Integer</attrtype><attwidth Sync="TRUE">4</attwidth><atprecis Sync="TRUE">0</atprecis><attscale Sync="TRUE">0</attscale></attr><attr><attrlabl Sync="TRUE">DP0130012</attrlabl><attalias Sync="TRUE">DP0130012</attalias><attrtype Sync="TRUE">Integer</attrtype><attwidth Sync="TRUE">4</attwidth><atprecis Sync="TRUE">0</atprecis><attscale Sync="TRUE">0</attscale></attr><attr><attrlabl Sync="TRUE">DP0130013</attrlabl><attalias Sync="TRUE">DP0130013</attalias><attrtype Sync="TRUE">Integer</attrtype><attwidth Sync="TRUE">4</attwidth><atprecis Sync="TRUE">0</atprecis><attscale Sync="TRUE">0</attscale></attr><attr><attrlabl Sync="TRUE">DP0130014</attrlabl><attalias Sync="TRUE">DP0130014</attalias><attrtype Sync="TRUE">Integer</attrtype><attwidth Sync="TRUE">4</attwidth><atprecis Sync="TRUE">0</atprecis><attscale Sync="TRUE">0</attscale></attr><attr><attrlabl Sync="TRUE">DP0130015</attrlabl><attalias Sync="TRUE">DP0130015</attalias><attrtype Sync="TRUE">Integer</attrtype><attwidth Sync="TRUE">4</attwidth><atprecis Sync="TRUE">0</atprecis><attscale Sync="TRUE">0</attscale></attr><attr><attrlabl Sync="TRUE">DP0140001</attrlabl><attalias Sync="TRUE">DP0140001</attalias><attrtype Sync="TRUE">Integer</attrtype><attwidth Sync="TRUE">4</attwidth><atprecis Sync="TRUE">0</atprecis><attscale Sync="TRUE">0</attscale></attr><attr><attrlabl Sync="TRUE">DP0150001</attrlabl><attalias Sync="TRUE">DP0150001</attalias><attrtype Sync="TRUE">Integer</attrtype><attwidth Sync="TRUE">4</attwidth><atprecis Sync="TRUE">0</atprecis><attscale Sync="TRUE">0</attscale></attr><attr><attrlabl Sync="TRUE">DP0160001</attrlabl><attalias Sync="TRUE">DP0160001</attalias><attrtype Sync="TRUE">Double</attrtype><attwidth Sync="TRUE">8</attwidth><atprecis Sync="TRUE">0</atprecis><attscale Sync="TRUE">0</attscale></attr><attr><attrlabl Sync="TRUE">DP0170001</attrlabl><attalias Sync="TRUE">DP0170001</attalias><attrtype Sync="TRUE">Double</attrtype><attwidth Sync="TRUE">8</attwidth><atprecis Sync="TRUE">0</atprecis><attscale Sync="TRUE">0</attscale></attr><attr><attrlabl Sync="TRUE">DP0180001</attrlabl><attalias Sync="TRUE">DP0180001</attalias><attrtype Sync="TRUE">Integer</attrtype><attwidth Sync="TRUE">4</attwidth><atprecis Sync="TRUE">0</atprecis><attscale Sync="TRUE">0</attscale></attr><attr><attrlabl Sync="TRUE">DP0180002</attrlabl><attalias Sync="TRUE">DP0180002</attalias><attrtype Sync="TRUE">Integer</attrtype><attwidth Sync="TRUE">4</attwidth><atprecis Sync="TRUE">0</atprecis><attscale Sync="TRUE">0</attscale></attr><attr><attrlabl Sync="TRUE">DP0180003</attrlabl><attalias Sync="TRUE">DP0180003</attalias><attrtype Sync="TRUE">Integer</attrtype><attwidth Sync="TRUE">4</attwidth><atprecis Sync="TRUE">0</atprecis><attscale Sync="TRUE">0</attscale></attr><attr><attrlabl Sync="TRUE">DP0180004</attrlabl><attalias Sync="TRUE">DP0180004</attalias><attrtype Sync="TRUE">Integer</attrtype><attwidth Sync="TRUE">4</attwidth><atprecis Sync="TRUE">0</atprecis><attscale Sync="TRUE">0</attscale></attr><attr><attrlabl Sync="TRUE">DP0180005</attrlabl><attalias Sync="TRUE">DP0180005</attalias><attrtype Sync="TRUE">Integer</attrtype><attwidth Sync="TRUE">4</attwidth><atprecis Sync="TRUE">0</atprecis><attscale Sync="TRUE">0</attscale></attr><attr><attrlabl Sync="TRUE">DP0180006</attrlabl><attalias Sync="TRUE">DP0180006</attalias><attrtype Sync="TRUE">Integer</attrtype><attwidth Sync="TRUE">4</attwidth><atprecis Sync="TRUE">0</atprecis><attscale Sync="TRUE">0</attscale></attr><attr><attrlabl Sync="TRUE">DP0180007</attrlabl><attalias Sync="TRUE">DP0180007</attalias><attrtype Sync="TRUE">Integer</attrtype><attwidth Sync="TRUE">4</attwidth><atprecis Sync="TRUE">0</atprecis><attscale Sync="TRUE">0</attscale></attr><attr><attrlabl Sync="TRUE">DP0180008</attrlabl><attalias Sync="TRUE">DP0180008</attalias><attrtype Sync="TRUE">Integer</attrtype><attwidth Sync="TRUE">4</attwidth><atprecis Sync="TRUE">0</atprecis><attscale Sync="TRUE">0</attscale></attr><attr><attrlabl Sync="TRUE">DP0180009</attrlabl><attalias Sync="TRUE">DP0180009</attalias><attrtype Sync="TRUE">Integer</attrtype><attwidth Sync="TRUE">4</attwidth><atprecis Sync="TRUE">0</atprecis><attscale Sync="TRUE">0</attscale></attr><attr><attrlabl Sync="TRUE">DP0190001</attrlabl><attalias Sync="TRUE">DP0190001</attalias><attrtype Sync="TRUE">Double</attrtype><attwidth Sync="TRUE">8</attwidth><atprecis Sync="TRUE">0</atprecis><attscale Sync="TRUE">0</attscale></attr><attr><attrlabl Sync="TRUE">DP0200001</attrlabl><attalias Sync="TRUE">DP0200001</attalias><attrtype Sync="TRUE">Double</attrtype><attwidth Sync="TRUE">8</attwidth><atprecis Sync="TRUE">0</atprecis><attscale Sync="TRUE">0</attscale></attr><attr><attrlabl Sync="TRUE">DP0210001</attrlabl><attalias Sync="TRUE">DP0210001</attalias><attrtype Sync="TRUE">Integer</attrtype><attwidth Sync="TRUE">4</attwidth><atprecis Sync="TRUE">0</atprecis><attscale Sync="TRUE">0</attscale></attr><attr><attrlabl Sync="TRUE">DP0210002</attrlabl><attalias Sync="TRUE">DP0210002</attalias><attrtype Sync="TRUE">Integer</attrtype><attwidth Sync="TRUE">4</attwidth><atprecis Sync="TRUE">0</atprecis><attscale Sync="TRUE">0</attscale></attr><attr><attrlabl Sync="TRUE">DP0210003</attrlabl><attalias Sync="TRUE">DP0210003</attalias><attrtype Sync="TRUE">Integer</attrtype><attwidth Sync="TRUE">4</attwidth><atprecis Sync="TRUE">0</atprecis><attscale Sync="TRUE">0</attscale></attr><attr><attrlabl Sync="TRUE">DP0220001</attrlabl><attalias Sync="TRUE">DP0220001</attalias><attrtype Sync="TRUE">Integer</attrtype><attwidth Sync="TRUE">4</attwidth><atprecis Sync="TRUE">0</atprecis><attscale Sync="TRUE">0</attscale></attr><attr><attrlabl Sync="TRUE">DP0220002</attrlabl><attalias Sync="TRUE">DP0220002</attalias><attrtype Sync="TRUE">Integer</attrtype><attwidth Sync="TRUE">4</attwidth><atprecis Sync="TRUE">0</atprecis><attscale Sync="TRUE">0</attscale></attr><attr><attrlabl Sync="TRUE">DP0230001</attrlabl><attalias Sync="TRUE">DP0230001</attalias><attrtype Sync="TRUE">Double</attrtype><attwidth Sync="TRUE">8</attwidth><atprecis Sync="TRUE">0</atprecis><attscale Sync="TRUE">0</attscale></attr><attr><attrlabl Sync="TRUE">DP0230002</attrlabl><attalias Sync="TRUE">DP0230002</attalias><attrtype Sync="TRUE">Double</attrtype><attwidth Sync="TRUE">8</attwidth><atprecis Sync="TRUE">0</atprecis><attscale Sync="TRUE">0</attscale></attr><attr><attrlabl Sync="TRUE">Shape_Leng</attrlabl><attalias Sync="TRUE">Shape_Leng</attalias><attrtype Sync="TRUE">Double</attrtype><attwidth Sync="TRUE">8</attwidth><atprecis Sync="TRUE">0</atprecis><attscale Sync="TRUE">0</attscale></attr><attr><attrlabl Sync="TRUE">Shape_Length</attrlabl><attalias Sync="TRUE">Shape_Length</attalias><attrtype Sync="TRUE">Double</attrtype><attwidth Sync="TRUE">8</attwidth><atprecis Sync="TRUE">0</atprecis><attscale Sync="TRUE">0</attscale><attrdef Sync="TRUE">Length of feature in internal units.</attrdef><attrdefs Sync="TRUE">ESRI</attrdefs><attrdomv><udom Sync="TRUE">Positive real numbers that are automatically generated.</udom></attrdomv></attr><attr><attrlabl Sync="TRUE">Shape_Area</attrlabl><attalias Sync="TRUE">Shape_Area</attalias><attrtype Sync="TRUE">Double</attrtype><attwidth Sync="TRUE">8</attwidth><atprecis Sync="TRUE">0</atprecis><attscale Sync="TRUE">0</attscale><attrdef Sync="TRUE">Area of feature in internal units squared.</attrdef><attrdefs Sync="TRUE">ESRI</attrdefs><attrdomv><udom Sync="TRUE">Positive real numbers that are automatically generated.</udom></attrdomv></attr></detailed></eainfo><mdDateSt Sync="TRUE">20140506</mdDateSt></metadata>
